Brand,Address,City,State,Postal Code,Date,Time
Sonic Drive-In,1442 Barrow Street ,Abilene,TX, 79605,2019-02-21,19:33:29
Sonic Drive-In,1734 N. First Street ,Abilene,TX, 79603,2019-02-21,19:33:29
Sonic Drive-In,202 N. Judge Ely Boulevard ,Abilene,TX, 79601,2019-02-21,19:33:29
Sonic Drive-In,2402 Sayles Boulevard ,Abilene,TX, 79605,2019-02-21,19:33:29
Sonic Drive-In,3856 S. Clack Street ,Abilene,TX, 79606,2019-02-21,19:33:29
Sonic Drive-In,5431 Acton Highway ,Acton,TX, 76049,2019-02-21,19:33:29
Sonic Drive-In,300 N. Fm 1187 ,Aledo,TX, 76008,2019-02-21,19:33:30
Sonic Drive-In,1256 East Main Street ,Alice,TX, 78332,2019-02-21,19:33:30
Sonic Drive-In,1310 W Mcdermott ,Allen,TX, 75013,2019-02-21,19:33:30
Sonic Drive-In,1536 E Stacy Road ,Allen,TX, 75002,2019-02-21,19:33:30
Sonic Drive-In,1805 East Bethany Road ,Allen,TX, 75002,2019-02-21,19:33:30
Sonic Drive-In,707 E. Main ,Allen,TX, 75002,2019-02-21,19:33:30
Sonic Drive-In,602 East Holland ,Alpine,TX, 79830,2019-02-21,19:33:30
Sonic Drive-In,1103 Highway 67 West ,Alvarado,TX, 76009,2019-02-21,19:33:30
Sonic Drive-In,1307 S. Gordon Street ,Alvin,TX, 77511,2019-02-21,19:33:31
Sonic Drive-In,1009 Amarillo Boulevard ,Amarillo,TX, 79107,2019-02-21,19:33:31
Sonic Drive-In,101 Tascosa Road ,Amarillo,TX, 79124,2019-02-21,19:33:31
Sonic Drive-In,1714 S Western St ,Amarillo,TX, 79106,2019-02-21,19:33:31
Sonic Drive-In,1910 S Grand ,Amarillo,TX, 79103,2019-02-21,19:33:31
Sonic Drive-In,2220 Ross Osage Drive ,Amarillo,TX, 79103,2019-02-21,19:33:31
Sonic Drive-In,2707 S Georgia ,Amarillo,TX, 79109,2019-02-21,19:33:31
Sonic Drive-In,3600 S. Washington ,Amarillo,TX, 79110,2019-02-21,19:33:31
Sonic Drive-In,4151 Hillside Road ,Amarillo,TX, 79110,2019-02-21,19:33:31
Sonic Drive-In,4320 Sw 45th St ,Amarillo,TX, 79109,2019-02-21,19:33:31
Sonic Drive-In,7100 South Bell ,Amarillo,TX, 79109,2019-02-21,19:33:31
Sonic Drive-In,7417 S.w. 34th Street ,Amarillo,TX, 79121,2019-02-21,19:33:31
Sonic Drive-In,"7701 I-40 W, Suite 212 ",Amarillo,TX, 79121,2019-02-21,19:33:31
Sonic Drive-In,8611 Hillside Road ,Amarillo,TX, 79119,2019-02-21,19:33:31
Sonic Drive-In,510 N. Main ,Andrews,TX, 79714,2019-02-21,19:33:31
Sonic Drive-In,1301 N. Velasco ,Angleton,TX, 77515,2019-02-21,19:33:32
Sonic Drive-In,207 E. White Street ,Anna,TX, 75409,2019-02-21,19:33:32
Sonic Drive-In,1715 Commercial Avenue ,Anson,TX, 79501,2019-02-21,19:33:32
Sonic Drive-In,1662 W. Wheeler ,Aransas Pass,TX, 78336,2019-02-21,19:33:32
Sonic Drive-In,202 North Center Street ,Archer City,TX, 76351,2019-02-21,19:33:32
Sonic Drive-In,1100 Ne Green Oaks Blvd ,Arlington,TX, 76006,2019-02-21,19:33:33
Sonic Drive-In,1201 S. Bowen Road ,Arlington,TX, 76013,2019-02-21,19:33:33
Sonic Drive-In,1400 Debbie Lane ,Arlington,TX, 76002,2019-02-21,19:33:33
Sonic Drive-In,1726 E Division ,Arlington,TX, 76011,2019-02-21,19:33:33
Sonic Drive-In,2016 S. Cooper ,Arlington,TX, 76013,2019-02-21,19:33:33
Sonic Drive-In,2121 E Lamar Blvd ,Arlington,TX, 76006,2019-02-21,19:33:33
Sonic Drive-In,2240 Se Green Oaks ,Arlington,TX, 76018,2019-02-21,19:33:33
Sonic Drive-In,2609 E. Park Row ,Arlington,TX, 76010,2019-02-21,19:33:33
Sonic Drive-In,3518 Matlock ,Arlington,TX, 76015,2019-02-21,19:33:33
Sonic Drive-In,"3811 South Cooper Street, Suite 2150 ",Arlington,TX, 76015,2019-02-21,19:33:33
Sonic Drive-In,409 W. Randol Mill Road ,Arlington,TX, 76011,2019-02-21,19:33:33
Sonic Drive-In,4111 South Bowen Road ,Arlington,TX, 76016,2019-02-21,19:33:33
Sonic Drive-In,4301 S. Collins Street ,Arlington,TX, 76018,2019-02-21,19:33:33
Sonic Drive-In,4719 Little Road ,Arlington,TX, 76017,2019-02-21,19:33:33
Sonic Drive-In,4721 West Sublett Road ,Arlington,TX, 76017,2019-02-21,19:33:33
Sonic Drive-In,5501 S. Cooper Street ,Arlington,TX, 76017,2019-02-21,19:33:33
Sonic Drive-In,8130 Matlock Road ,Arlington,TX, 76002,2019-02-21,19:33:33
Sonic Drive-In,6700 Fm 1960 E ,Atascocita,TX, 77346,2019-02-21,19:33:33
Sonic Drive-In,1402 East Tyler ,Athens,TX, 75751,2019-02-21,19:33:33
Sonic Drive-In,301 Us Highway 59 Loop ,Atlanta,TX, 75551,2019-02-21,19:33:33
Sonic Drive-In,26741 East University Drive ,Aubrey,TX, 76227,2019-02-21,19:33:33
Sonic Drive-In,924 Highway 377 South ,Aubrey,TX, 76227,2019-02-21,19:33:33
Sonic Drive-In,11506 Ranch Road 620 North ,Austin,TX, 78726,2019-02-21,19:33:34
Sonic Drive-In,11801 Us Hwy 290 West Bldg B ,Austin,TX, 78737,2019-02-21,19:33:34
Sonic Drive-In,11881 Jollyville Road ,Austin,TX, 78759,2019-02-21,19:33:34
Sonic Drive-In,12453 Lamplight Village Ave. ,Austin,TX, 78758,2019-02-21,19:33:34
Sonic Drive-In,155 W. Slaughter Lane ,Austin,TX, 78748,2019-02-21,19:33:34
Sonic Drive-In,1605 East Parmer Lane ,Austin,TX, 78753,2019-02-21,19:33:34
Sonic Drive-In,1637 Wells Branch Parkway ,Austin,TX, 78728,2019-02-21,19:33:34
Sonic Drive-In,1745 East Oltorf ,Austin,TX, 78741,2019-02-21,19:33:34
Sonic Drive-In,1805 E. William Cannon ,Austin,TX, 78744,2019-02-21,19:33:34
Sonic Drive-In,1815 Airport Boulevard ,Austin,TX, 78702,2019-02-21,19:33:34
Sonic Drive-In,1901 Montopolis ,Austin,TX, 78741,2019-02-21,19:33:34
Sonic Drive-In,2632 S. Lamar ,Austin,TX, 78704,2019-02-21,19:33:34
Sonic Drive-In,2706 Gonzales Street ,Austin,TX, 78702,2019-02-21,19:33:34
Sonic Drive-In,4929 Burnet Road ,Austin,TX, 78756,2019-02-21,19:33:34
Sonic Drive-In,5105 East Stassney Lane ,Austin,TX, 78744,2019-02-21,19:33:34
Sonic Drive-In,6208 Cameron Road ,Austin,TX, 78723,2019-02-21,19:33:34
Sonic Drive-In,6816 Mcneil Road ,Austin,TX, 78729,2019-02-21,19:33:34
Sonic Drive-In,7112 Ed Bluestein Blvd Ste 160 ,Austin,TX, 78723,2019-02-21,19:33:34
Sonic Drive-In,7708 N. Burnet Road ,Austin,TX, 78757,2019-02-21,19:33:34
Sonic Drive-In,7714 Highway 71 West ,Austin,TX, 78735,2019-02-21,19:33:34
Sonic Drive-In,804 W. Stassney Lane ,Austin,TX, 78745,2019-02-21,19:33:34
Sonic Drive-In,9215 West Parmer Lane ,Austin,TX, 78717,2019-02-21,19:33:34
Sonic Drive-In,9325 N. Lamar ,Austin,TX, 78758,2019-02-21,19:33:34
Sonic Drive-In,9708 Manchaca Road ,Austin,TX, 78748,2019-02-21,19:33:34
Sonic Drive-In,9916 Brodie Lane ,Austin,TX, 78748,2019-02-21,19:33:34
Sonic Drive-In,801 Boyd Road ,Azle,TX, 76020,2019-02-21,19:33:34
Sonic Drive-In,3628 Shepherd Lane ,Balch Springs,TX, 75180,2019-02-21,19:33:37
Sonic Drive-In,4295 Beltline Road ,Balch Springs,TX, 75180,2019-02-21,19:33:37
Sonic Drive-In,2003 Hutchinson Avenue ,Ballinger,TX, 76821,2019-02-21,19:33:37
Sonic Drive-In,1013 Main Street ,Bandera,TX, 78003,2019-02-21,19:33:38
Sonic Drive-In,103 Perkins Street ,Bastrop,TX, 78602,2019-02-21,19:33:38
Sonic Drive-In,2601 Avenue F ,Bay City,TX, 77414,2019-02-21,19:33:38
Sonic Drive-In,3916 Garth Road ,Baytown,TX, 77521,2019-02-21,19:33:38
Sonic Drive-In,7360 Garth Road ,Baytown,TX, 77521,2019-02-21,19:33:38
Sonic Drive-In,8841 Highway 146 ,Baytown,TX, 77520,2019-02-21,19:33:38
Sonic Drive-In,1040 South 11th St ,Beaumont,TX, 77701,2019-02-21,19:33:38
Sonic Drive-In,2970 Dowlen Road ,Beaumont,TX, 77706,2019-02-21,19:33:38
Sonic Drive-In,3110 Martin Luther King Blvd ,Beaumont,TX, 77705,2019-02-21,19:33:38
Sonic Drive-In,425 N. 23rd Street ,Beaumont,TX, 77707,2019-02-21,19:33:38
Sonic Drive-In,5850 Walden Road ,Beaumont,TX, 77707,2019-02-21,19:33:38
Sonic Drive-In,7365 Highway 105 ,Beaumont,TX, 77713,2019-02-21,19:33:38
Sonic Drive-In,8320 College Street ,Beaumont,TX, 77707,2019-02-21,19:33:38
Sonic Drive-In,1421 Brown Trail ,Bedford,TX, 76022,2019-02-21,19:33:38
Sonic Drive-In,2000 North Central Drive ,Bedford,TX, 76021,2019-02-21,19:33:38
Sonic Drive-In,2000 St. Mary's ,Beeville,TX, 78102,2019-02-21,19:33:39
Sonic Drive-In,1515 N I35 ,Bellmead,TX, 76705,2019-02-21,19:33:39
Sonic Drive-In,3618 Bellmead Drive ,Bellmead,TX, 76705,2019-02-21,19:33:39
Sonic Drive-In,1206 North Pecan Street ,Bells,TX, 75414,2019-02-21,19:33:39
Sonic Drive-In,716 Front Street ,Bellville,TX, 77418,2019-02-21,19:33:39
Sonic Drive-In,2803 Oakmark Drive ,Belton,TX, 76513,2019-02-21,19:33:39
Sonic Drive-In,814 E. Central ,Belton,TX, 76513,2019-02-21,19:33:39
Sonic Drive-In,8930 Highway 377 S. ,Benbrook,TX, 76126,2019-02-21,19:33:30
Sonic Drive-In,510 East Second ,Big Lake,TX, 76932,2019-02-21,19:33:40
Sonic Drive-In,1200 S. Gregg ,Big Spring,TX, 79720,2019-02-21,19:33:40
Sonic Drive-In,601 East Marcy Fm 700 ,Big Spring,TX, 79720,2019-02-21,19:33:40
Sonic Drive-In,1022 Us Hwy 281 South ,Blanco,TX, 78606,2019-02-21,19:33:40
Sonic Drive-In,121 West Bandera ,Boerne,TX, 78006,2019-02-21,19:33:38
Sonic Drive-In,1735 Highway 121 North ,Bonham,TX, 75418,2019-02-21,19:33:40
Sonic Drive-In,208 S Cedar Street ,Borger,TX, 79007,2019-02-21,19:33:41
Sonic Drive-In,806 E. Wise ,Bowie,TX, 76230,2019-02-21,19:33:41
Sonic Drive-In,206 East Rock Island Avenue ,Boyd,TX, 76023,2019-02-21,19:33:41
Sonic Drive-In,1311 S. Bridge Street ,Brady,TX, 76825,2019-02-21,19:33:41
Sonic Drive-In,707 North Highway 36 ,Brazoria,TX, 77422,2019-02-21,19:33:32
Sonic Drive-In,1850 West Walker ,Breckenridge,TX, 76424,2019-02-21,19:33:42
Sonic Drive-In,2312 South Day Street ,Brenham,TX, 77833,2019-02-21,19:33:39
Sonic Drive-In,1265 Texas Avenue ,Bridge City,TX, 77611,2019-02-21,19:33:42
Sonic Drive-In,1304 Chico Highway ,Bridgeport,TX, 76426,2019-02-21,19:33:41
Sonic Drive-In,507 Lubbock Road ,Brownfield,TX, 79316,2019-02-21,19:33:43
Sonic Drive-In,14584 Highway 31 East ,Brownsboro,TX, 75756,2019-02-21,19:33:33
Sonic Drive-In,1174 E. Ruben Torres ,Brownsville,TX, 78520,2019-02-21,19:33:43
Sonic Drive-In,1500 Austin Avenue ,Brownwood,TX, 76801,2019-02-21,19:33:41
Sonic Drive-In,211 W. Commerce ,Brownwood,TX, 76801,2019-02-21,19:33:41
Sonic Drive-In,2400 Briarcrest Drive ,Bryan,TX, 77802,2019-02-21,19:33:43
Sonic Drive-In,914 South Texas Avenue ,Bryan,TX, 77803,2019-02-21,19:33:43
Sonic Drive-In,15330 S. Interstate Hwy 35 ,Buda,TX, 78610,2019-02-21,19:33:43
Sonic Drive-In,3200b Fm 967 ,Buda,TX, 78610,2019-02-21,19:33:43
Sonic Drive-In,2610 W Commerce ,Buffalo,TX, 75831,2019-02-21,19:33:44
Sonic Drive-In,206 North Highway 69 ,Bullard,TX, 75757,2019-02-21,19:33:44
Sonic Drive-In,20555 Highway 46 West ,Bulverde,TX, 78163,2019-02-21,19:33:40
Sonic Drive-In,34910 Us Highway 96 South ,Buna,TX, 77612,2019-02-21,19:33:44
Sonic Drive-In,205 S. Avenue D ,Burkburnett,TX, 76354,2019-02-21,19:33:44
Sonic Drive-In,109 Elk Drive ,Burleson,TX, 76028,2019-02-21,19:33:45
Sonic Drive-In,3313 South I-35 West ,Burleson,TX, 76028,2019-02-21,19:33:30
Sonic Drive-In,441 E. Renfro Street ,Burleson,TX, 76028,2019-02-21,19:33:45
Sonic Drive-In,5472 Fm Highway 1187 ,Burleson,TX, 76028,2019-02-21,19:33:45
Sonic Drive-In,725 Ne Alsbury Boulevard ,Burleson,TX, 76028,2019-02-21,19:33:45
Sonic Drive-In,904 Buchanan Drive ,Burnet,TX, 78611,2019-02-21,19:33:45
Sonic Drive-In,230 Highway 36 South ,Caldwell,TX, 77836,2019-02-21,19:33:45
Sonic Drive-In,802 N. Travis ,Cameron,TX, 76520,2019-02-21,19:33:45
Sonic Drive-In,1270 S Trade Days Blvd ,Canton,TX, 75103,2019-02-21,19:33:45
Sonic Drive-In,7069 South Desert Boulevard ,Canutillo,TX, 79835,2019-02-21,19:33:46
Sonic Drive-In,18350 Fm 306 ,Canyon Lake,TX, 78133,2019-02-21,19:33:40
Sonic Drive-In,1007 23rd Street ,Canyon,TX, 79015,2019-02-21,19:33:46
Sonic Drive-In,502 North First Street ,Carrizo Springs,TX, 78834,2019-02-21,19:33:47
Sonic Drive-In,1021 W Frankford Road ,Carrollton,TX, 75007,2019-02-21,19:33:47
Sonic Drive-In,1412 W Hebron Parkway ,Carrollton,TX, 75010,2019-02-21,19:33:47
Sonic Drive-In,2130 N Josey Lane ,Carrollton,TX, 75006,2019-02-21,19:33:47
Sonic Drive-In,2449 Midway Road ,Carrollton,TX, 75006,2019-02-21,19:33:47
Sonic Drive-In,710 W. Panola ,Carthage,TX, 75633,2019-02-21,19:33:47
Sonic Drive-In,2209 Nw Military Hwy ,Castle Hills,TX, 78213,2019-02-21,19:33:47
Sonic Drive-In,955 Highway 90 East ,Castroville,TX, 78009,2019-02-21,19:33:48
Sonic Drive-In,381 N Hwy 67 ,Cedar Hill,TX, 75104,2019-02-21,19:33:48
Sonic Drive-In,1510 Cypress Creek Road ,Cedar Park,TX, 78613,2019-02-21,19:33:48
Sonic Drive-In,2000 Bagdad Road ,Cedar Park,TX, 78613,2019-02-21,19:33:48
Sonic Drive-In,3220 E Whitestone Boulevard ,Cedar Park,TX, 78613,2019-02-21,19:33:48
Sonic Drive-In,1313 S. Highway 289 ,Celina,TX, 75009,2019-02-21,19:33:48
Sonic Drive-In,715 Tenaha ,Center,TX, 75935,2019-02-21,19:33:47
Sonic Drive-In,600 E Highway 31 ,Chandler,TX, 75758,2019-02-21,19:33:43
Sonic Drive-In,2001 Avenue F Nw ,Childress,TX, 79201,2019-02-21,19:33:49
Sonic Drive-In,9919 China Spring Road ,China Spring,TX, 76708,2019-02-21,19:33:49
Sonic Drive-In,2475 Fm 1103 ,Cibolo,TX, 78108,2019-02-21,19:33:49
Sonic Drive-In,749 Fm 1103 ,Cibolo,TX, 78108,2019-02-21,19:33:49
Sonic Drive-In,23802 Westheimer Parkway ,Cinco Ranch,TX, 77494,2019-02-21,19:33:49
Sonic Drive-In,2106 Conrad Hilton Drive ,Cisco,TX, 76437,2019-02-21,19:33:42
Sonic Drive-In,812 West 2nd Street ,Clarendon,TX, 79226,2019-02-21,19:33:50
Sonic Drive-In,1812 W. Main ,Clarksville,TX, 75426,2019-02-21,19:33:50
Sonic Drive-In,2500 Bay Area Boulevard ,Clear Lake City,TX, 77058,2019-02-21,19:33:50
Sonic Drive-In,1709 West Henderson ,Cleburne,TX, 76033,2019-02-21,19:33:29
Sonic Drive-In,604 N. Main Street ,Cleburne,TX, 76033,2019-02-21,19:33:50
Sonic Drive-In,507 South Washington Avenue ,Cleveland,TX, 77327,2019-02-21,19:33:50
Sonic Drive-In,806 N Avenue G ,Clifton,TX, 76634,2019-02-21,19:33:51
Sonic Drive-In,561 N. Highway 288 ,Clute,TX, 77531,2019-02-21,19:33:32
Sonic Drive-In,850 Dixie Drive ,Clute,TX, 77531,2019-02-21,19:33:32
Sonic Drive-In,1506 N Access Road ,Clyde,TX, 79510,2019-02-21,19:33:42
Sonic Drive-In,2300 Commercial Avenue ,Coleman,TX, 76834,2019-02-21,19:33:37
Sonic Drive-In,12755 Fm 2154 ,College Station,TX, 77845,2019-02-21,19:33:45
Sonic Drive-In,2900 Texas Avenue South ,College Station,TX, 77840,2019-02-21,19:33:51
Sonic Drive-In,401 Texas Avenue ,College Station,TX, 77840,2019-02-21,19:33:45
Sonic Drive-In,512 Harvey Road ,College Station,TX, 77840,2019-02-21,19:33:51
Sonic Drive-In,4700 Colleyville Boulevard ,Colleyville,TX, 76034,2019-02-21,19:33:52
Sonic Drive-In,125 E. And Ih20 ,Colorado City,TX, 79512,2019-02-21,19:33:52
Sonic Drive-In,2526 Highway 71 S. ,Columbus,TX, 78934,2019-02-21,19:33:52
Sonic Drive-In,1202 E. Central ,Comanche,TX, 76442,2019-02-21,19:33:49
Sonic Drive-In,1617 Highway 50 ,Commerce,TX, 75428,2019-02-21,19:33:52
Sonic Drive-In,11010 Highway 105 East ,Conroe,TX, 77306,2019-02-21,19:33:53
Sonic Drive-In,309 N Frazier ,Conroe,TX, 77301,2019-02-21,19:33:53
Sonic Drive-In,808 W. Loop 336 ,Conroe,TX, 77301,2019-02-21,19:33:53
Sonic Drive-In,8134 Kittyhawk Road ,Converse,TX, 78109,2019-02-21,19:33:53
Sonic Drive-In,9080 Fm 78 ,Converse,TX, 78109,2019-02-21,19:33:53
Sonic Drive-In,201 North Denton Tap Road ,Coppell,TX, 75019,2019-02-21,19:33:53
Sonic Drive-In,830 Highway 190 E. ,Copperas Cove,TX, 76522,2019-02-21,19:33:53
Sonic Drive-In,11121 Leopard Street ,Corpus Christi,TX, 78410,2019-02-21,19:33:53
Sonic Drive-In,13913 Nw Blvd ,Corpus Christi,TX, 78410,2019-02-21,19:33:30
Sonic Drive-In,14401 South Padre Island Drive ,Corpus Christi,TX, 78418,2019-02-21,19:33:53
Sonic Drive-In,3500 Ayers Street ,Corpus Christi,TX, 78415,2019-02-21,19:33:32
Sonic Drive-In,4801 S. Staples ,Corpus Christi,TX, 78411,2019-02-21,19:33:53
Sonic Drive-In,6414 Saratoga ,Corpus Christi,TX, 78414,2019-02-21,19:33:53
Sonic Drive-In,6417 Weber Road ,Corpus Christi,TX, 78413,2019-02-21,19:33:53
Sonic Drive-In,6557 S Staples ,Corpus Christi,TX, 78413,2019-02-21,19:33:53
Sonic Drive-In,704 S Home Street ,Corrigan,TX, 75939,2019-02-21,19:33:54
Sonic Drive-In,1700 West 7th Avenue ,Corsicana,TX, 75110,2019-02-21,19:33:54
Sonic Drive-In,2931 S Highway 287 ,Corsicana,TX, 75109,2019-02-21,19:33:54
Sonic Drive-In,619 North Interstate 35 ,Cotulla,TX, 78014,2019-02-21,19:33:47
Sonic Drive-In,101 N. Fm 148 ,Crandall,TX, 75114,2019-02-21,19:33:54
Sonic Drive-In,915 Gaston Street ,Crane,TX, 79731,2019-02-21,19:33:54
Sonic Drive-In,9400 East Highway 377 ,Cresson,TX, 76035,2019-02-21,19:33:29
Sonic Drive-In,1200 East Loop 304 ,Crockett,TX, 75835,2019-02-21,19:33:55
Sonic Drive-In,14502 Fm 2100 ,Crosby,TX, 77532,2019-02-21,19:33:55
Sonic Drive-In,11601 S. Highway 380 ,Crossroads,TX, 76227,2019-02-21,19:33:55
Sonic Drive-In,105 North Crowley Road ,Crowley,TX, 76036,2019-02-21,19:33:55
Sonic Drive-In,1110 N. Esplanade ,Cuero,TX, 77954,2019-02-21,19:33:55
Sonic Drive-In,12381 Barker Cypress Rd ,Cypress,TX, 77429,2019-02-21,19:33:56
Sonic Drive-In,13070 Louetta Rd ,Cypress,TX, 77429,2019-02-21,19:33:56
Sonic Drive-In,13630 Cypress North Houston Rd ,Cypress,TX, 77429,2019-02-21,19:33:56
Sonic Drive-In,26044 Nw Freeway (hwy 290) ,Cypress,TX, 77429,2019-02-21,19:33:56
Sonic Drive-In,8915 Fry Road ,Cypress,TX, 77433,2019-02-21,19:33:56
Sonic Drive-In,9020 Barker Cypress ,Cypress,TX, 77433,2019-02-21,19:33:56
Sonic Drive-In,1204 Linda Drive ,Daingerfield,TX, 75638,2019-02-21,19:33:56
Sonic Drive-In,401 Highway 87 South ,Dalhart,TX, 79022,2019-02-21,19:33:56
Sonic Drive-In,1005 South Riverfront ,Dallas,TX, 75207,2019-02-21,19:33:57
Sonic Drive-In,10709 Audelia Road ,Dallas,TX, 75238,2019-02-21,19:33:57
Sonic Drive-In,11921 East Nw Highway ,Dallas,TX, 75218,2019-02-21,19:33:57
Sonic Drive-In,12130 Inwood Rd ,Dallas,TX, 75244,2019-02-21,19:33:57
Sonic Drive-In,1330 Empire Central Dr ,Dallas,TX, 75247,2019-02-21,19:33:57
Sonic Drive-In,15205 Monfort Drive ,Dallas,TX, 75248,2019-02-21,19:33:57
Sonic Drive-In,1714 N. Cockrell Hill Road ,Dallas,TX, 75211,2019-02-21,19:33:57
Sonic Drive-In,1739 S. St. Augustine Drive ,Dallas,TX, 75217,2019-02-21,19:33:57
Sonic Drive-In,1920 S. Beltline Road ,Dallas,TX, 75253,2019-02-21,19:33:57
Sonic Drive-In,2412 S. Zangs ,Dallas,TX, 75224,2019-02-21,19:33:57
Sonic Drive-In,2429 W Ledbetter Drive ,Dallas,TX, 75233,2019-02-21,19:33:57
Sonic Drive-In,2516 Fort Worth Avenue ,Dallas,TX, 75211,2019-02-21,19:33:57
Sonic Drive-In,2927 Lombardy Lane ,Dallas,TX, 75220,2019-02-21,19:33:57
Sonic Drive-In,2945 Buckner Blvd ,Dallas,TX, 75228,2019-02-21,19:33:57
Sonic Drive-In,2960 W. Wheatland Road ,Dallas,TX, 75237,2019-02-21,19:33:57
Sonic Drive-In,3023 Inwood Road ,Dallas,TX, 75235,2019-02-21,19:33:57
Sonic Drive-In,3555 Forest Lane ,Dallas,TX, 75234,2019-02-21,19:33:57
Sonic Drive-In,3650 Frankford Road ,Dallas,TX, 75287,2019-02-21,19:33:57
Sonic Drive-In,3710 West Illinois Avenue ,Dallas,TX, 75211,2019-02-21,19:33:57
Sonic Drive-In,4801 Ross Avenue ,Dallas,TX, 75204,2019-02-21,19:33:57
Sonic Drive-In,4880 Mountain Creek Pkwy ,Dallas,TX, 75236,2019-02-21,19:33:57
Sonic Drive-In,7071 Greenville Avenue ,Dallas,TX, 75231,2019-02-21,19:33:57
Sonic Drive-In,8045 Forest Lane ,Dallas,TX, 75243,2019-02-21,19:33:57
Sonic Drive-In,8126 Lake June Road ,Dallas,TX, 75217,2019-02-21,19:33:57
Sonic Drive-In,8602 S. Lancaster Road ,Dallas,TX, 75241,2019-02-21,19:33:57
Sonic Drive-In,8602 South Polk Street ,Dallas,TX, 75232,2019-02-21,19:33:57
Sonic Drive-In,8620 Spring Valley Road ,Dallas,TX, 75240,2019-02-21,19:33:57
Sonic Drive-In,8687 N. Central Exprwy #2400 ,Dallas,TX, 75225,2019-02-21,19:33:57
Sonic Drive-In,9119 Garland Road ,Dallas,TX, 75218,2019-02-21,19:33:57
Sonic Drive-In,9609 Plano Rd ,Dallas,TX, 75238,2019-02-21,19:33:57
Sonic Drive-In,9613 Clark Road ,Dallas,TX, 75249,2019-02-21,19:33:48
Sonic Drive-In,207 W. Highway 90 ,Dayton,TX, 77535,2019-02-21,19:33:57
Sonic Drive-In,500 Ne Front Street ,De Kalb,TX, 75559,2019-02-21,19:33:58
Sonic Drive-In,1316 W Belt Line Rd ,De Soto,TX, 75115,2019-02-21,19:33:48
Sonic Drive-In,1484 North Hampton ,De Soto,TX, 75115,2019-02-21,19:33:48
Sonic Drive-In,1205 Fm 51 South ,Decatur,TX, 76234,2019-02-21,19:33:41
Sonic Drive-In,3506 Center Street ,Deer Park,TX, 77536,2019-02-21,19:33:58
Sonic Drive-In,1109 Avenue F ,Del Rio,TX, 78840,2019-02-21,19:33:58
Sonic Drive-In,1510 East Gibbs ,Del Rio,TX, 78840,2019-02-21,19:33:58
Sonic Drive-In,3115 Highway 71 East ,Del Valle,TX, 78617,2019-02-21,19:33:38
Sonic Drive-In,5110 Ross Road ,Del Valle,TX, 78617,2019-02-21,19:33:38
Sonic Drive-In,2405 S Austin ,Denison,TX, 75020,2019-02-21,19:33:39
Sonic Drive-In,3325 Fm 120 West ,Denison,TX, 75020,2019-02-21,19:33:59
Sonic Drive-In,109 N. Loop #288 ,Denton,TX, 76201,2019-02-21,19:33:59
Sonic Drive-In,1815 W. University Drive ,Denton,TX, 76201,2019-02-21,19:33:59
Sonic Drive-In,2131 East University Drive ,Denton,TX, 76209,2019-02-21,19:33:59
Sonic Drive-In,2219 Colorado Blvd ,Denton,TX, 76205,2019-02-21,19:33:59
Sonic Drive-In,2910 State School Road ,Denton,TX, 76210,2019-02-21,19:33:59
Sonic Drive-In,930 Fort Worth Drive ,Denton,TX, 76205,2019-02-21,19:33:59
Sonic Drive-In,700 E. Broadway ,Denver City,TX, 79323,2019-02-21,19:33:59
Sonic Drive-In,697 E. Hondo Ave ,Devine,TX, 78016,2019-02-21,19:33:59
Sonic Drive-In,512 N. Temple ,Diboll,TX, 75941,2019-02-21,19:33:54
Sonic Drive-In,169 Fm 517 Road West ,Dickinson,TX, 77539,2019-02-21,19:34:00
Sonic Drive-In,4401 Highway 3 ,Dickinson,TX, 77539,2019-02-21,19:34:00
Sonic Drive-In,501 N Broadway Street ,Dimmitt,TX, 79027,2019-02-21,19:34:00
Sonic Drive-In,400 East Highway 290 ,Dripping Springs,TX, 78620,2019-02-21,19:33:40
Sonic Drive-In,941 N Patrick ,Dublin,TX, 76446,2019-02-21,19:33:52
Sonic Drive-In,405 S. Dumas Avenue ,Dumas,TX, 79029,2019-02-21,19:33:41
Sonic Drive-In,507 S. Main ,Duncanville,TX, 75116,2019-02-21,19:33:48
Sonic Drive-In,2447 E. Main ,Eagle Pass,TX, 78852,2019-02-21,19:33:47
Sonic Drive-In,974 Early Boulevard ,Early,TX, 76802,2019-02-21,19:33:51
Sonic Drive-In,373 South Dill Street ,East Bernard,TX, 77435,2019-02-21,19:34:02
Sonic Drive-In,1475 Main Street ,Eastland,TX, 76448,2019-02-21,19:33:42
Sonic Drive-In,2222 W University Drive ,Edinburg,TX, 78539,2019-02-21,19:34:02
Sonic Drive-In,920 W. Main Street ,Edna,TX, 77957,2019-02-21,19:34:02
Sonic Drive-In,1408 N. Mechanic ,El Campo,TX, 77437,2019-02-21,19:33:38
Sonic Drive-In,10655 Vista Del Sol ,El Paso,TX, 79935,2019-02-21,19:34:03
Sonic Drive-In,12400 Edgemere Boulevard ,El Paso,TX, 79938,2019-02-21,19:34:03
Sonic Drive-In,1336 N. Zaragosa Road ,El Paso,TX, 79936,2019-02-21,19:34:03
Sonic Drive-In,1865 N Zaragosa Road ,El Paso,TX, 79936,2019-02-21,19:34:03
Sonic Drive-In,2270 Trawood ,El Paso,TX, 79935,2019-02-21,19:34:03
Sonic Drive-In,3925 Dyer Street ,El Paso,TX, 79930,2019-02-21,19:34:03
Sonic Drive-In,3930 Doniphan Dr ,El Paso,TX, 79922,2019-02-21,19:34:03
Sonic Drive-In,4800 Hondo Pass Drive ,El Paso,TX, 79904,2019-02-21,19:34:03
Sonic Drive-In,5328 Doniphan Drive ,El Paso,TX, 79932,2019-02-21,19:33:46
Sonic Drive-In,5930 Cromo Drive ,El Paso,TX, 79912,2019-02-21,19:33:46
Sonic Drive-In,6610 Montana Avenue ,El Paso,TX, 79925,2019-02-21,19:34:03
Sonic Drive-In,7391 Alameda Avenue ,El Paso,TX, 79915,2019-02-21,19:34:03
Sonic Drive-In,9505 Socorro Avenue ,El Paso,TX, 79927,2019-02-21,19:34:03
Sonic Drive-In,989 North Resler Road ,El Paso,TX, 79912,2019-02-21,19:33:46
Sonic Drive-In,1298 N. Bailey ,Electra,TX, 76360,2019-02-21,19:34:03
Sonic Drive-In,1134 Highway 290 ,Elgin,TX, 78621,2019-02-21,19:33:38
Sonic Drive-In,211 East Lennon Drive ,Emory,TX, 75440,2019-02-21,19:34:03
Sonic Drive-In,401 East Ennis Avenue ,Ennis,TX, 75119,2019-02-21,19:34:04
Sonic Drive-In,301 N. Main ,Euless,TX, 76039,2019-02-21,19:34:04
Sonic Drive-In,301 Highway 175 West ,Eustace,TX, 75124,2019-02-21,19:33:33
Sonic Drive-In,614 West Highway 84 ,Fairfield,TX, 75840,2019-02-21,19:33:44
Sonic Drive-In,14320 Josey Lane ,Farmers Branch,TX, 75234,2019-02-21,19:34:05
Sonic Drive-In,826 West Highway 380 ,Farmersville,TX, 75442,2019-02-21,19:34:05
Sonic Drive-In,20095 Highway 155 South ,Flint,TX, 75762,2019-02-21,19:33:43
Sonic Drive-In,1108 Tenth Street ,Floresville,TX, 78114,2019-02-21,19:34:05
Sonic Drive-In,2541 Flower Mound Road ,Flower Mound,TX, 75028,2019-02-21,19:34:05
Sonic Drive-In,2925 Crosstimbers ,Flower Mound,TX, 75028,2019-02-21,19:34:05
Sonic Drive-In,6210 Morriss Road ,Flower Mound,TX, 75028,2019-02-21,19:34:05
Sonic Drive-In,6555 Park Oaks ,Forest Hill,TX, 76140,2019-02-21,19:34:06
Sonic Drive-In,503 North Highway 548 ,Forney,TX, 75126,2019-02-21,19:33:54
Sonic Drive-In,1701 W. Dickinson ,Fort Stockton,TX, 79735,2019-02-21,19:34:06
Sonic Drive-In,10169 First Chapel Drive ,Fort Worth,TX, 76116,2019-02-21,19:33:30
Sonic Drive-In,108 N. Nichols Street ,Fort Worth,TX, 76102,2019-02-21,19:34:06
Sonic Drive-In,117 Sycamore School Road ,Fort Worth,TX, 76134,2019-02-21,19:34:06
Sonic Drive-In,1700 Western Center Blvd. ,Fort Worth,TX, 76131,2019-02-21,19:34:06
Sonic Drive-In,1800 West Berry Street ,Fort Worth,TX, 76110,2019-02-21,19:34:06
Sonic Drive-In,"1888 Green Oaks Road, Fc #6 ",Fort Worth,TX, 76116,2019-02-21,19:34:06
Sonic Drive-In,2000 Alta Mesa Boulevard ,Fort Worth,TX, 76133,2019-02-21,19:34:06
Sonic Drive-In,2660 N Main ,Fort Worth,TX, 76106,2019-02-21,19:34:06
Sonic Drive-In,301 University Drive ,Fort Worth,TX, 76107,2019-02-21,19:34:06
Sonic Drive-In,3078 Basswood Blvd ,Fort Worth,TX, 76137,2019-02-21,19:34:06
Sonic Drive-In,3701 Sycamore School Road ,Fort Worth,TX, 76133,2019-02-21,19:33:55
Sonic Drive-In,"4200 S. Freeway, Suite 19 ",Fort Worth,TX, 76115,2019-02-21,19:34:06
Sonic Drive-In,4800 South Hulen Street #2106 ,Fort Worth,TX, 76132,2019-02-21,19:33:39
Sonic Drive-In,5009 Trail Lake Drive ,Fort Worth,TX, 76133,2019-02-21,19:34:06
Sonic Drive-In,5851 Overton Ridge Blvd. ,Fort Worth,TX, 76132,2019-02-21,19:33:39
Sonic Drive-In,6217 Camp Bowie Blvd ,Fort Worth,TX, 76116,2019-02-21,19:34:06
Sonic Drive-In,7101 Boat Club Road ,Fort Worth,TX, 76179,2019-02-21,19:33:34
Sonic Drive-In,8625 Camp Bowie West ,Fort Worth,TX, 76116,2019-02-21,19:33:39
Sonic Drive-In,9560 Clifford Street ,Fort Worth,TX, 76108,2019-02-21,19:34:06
Sonic Drive-In,9628 Tehama Ridge Parkway ,Fort Worth,TX, 76177,2019-02-21,19:34:06
Sonic Drive-In,1106 E. Main Street ,Fredericksburg,TX, 78624,2019-02-21,19:34:06
Sonic Drive-In,1605 Brazosport Boulevard ,Freeport,TX, 77541,2019-02-21,19:34:07
Sonic Drive-In,3221 Fm 528 ,Friendswood,TX, 77546,2019-02-21,19:33:31
Sonic Drive-In,806 S. Friendswood Drive ,Friendswood,TX, 77546,2019-02-21,19:33:31
Sonic Drive-In,11665 Frisco Street ,Frisco,TX, 75033,2019-02-21,19:33:48
Sonic Drive-In,2601 Preston Road #2048 ,Frisco,TX, 75034,2019-02-21,19:34:07
Sonic Drive-In,315 Main Street ,Frisco,TX, 75034,2019-02-21,19:34:07
Sonic Drive-In,5353 Lebanon Road ,Frisco,TX, 75034,2019-02-21,19:34:07
Sonic Drive-In,7630 Preston Road ,Frisco,TX, 75034,2019-02-21,19:34:07
Sonic Drive-In,9265 Warren Parkway ,Frisco,TX, 75034,2019-02-21,19:34:07
Sonic Drive-In,5220 Fm 1463 ,Fulshear,TX, 77494,2019-02-21,19:34:07
Sonic Drive-In,1307 N. Grand Avenue ,Gainesville,TX, 76240,2019-02-21,19:34:07
Sonic Drive-In,301 West California ,Gainesville,TX, 76240,2019-02-21,19:34:07
Sonic Drive-In,5127 Broadway Street ,Galveston,TX, 77551,2019-02-21,19:34:07
Sonic Drive-In,6502 Seawall Boulevard ,Galveston,TX, 77551,2019-02-21,19:34:07
Sonic Drive-In,2001 State Hwy 66 ,Garland,TX, 75040,2019-02-21,19:34:08
Sonic Drive-In,3327 Broadway Boulevard ,Garland,TX, 75043,2019-02-21,19:34:08
Sonic Drive-In,3901 Forest Lane ,Garland,TX, 75042,2019-02-21,19:34:08
Sonic Drive-In,5020 N Garland Ave ,Garland,TX, 75040,2019-02-21,19:34:08
Sonic Drive-In,6130 N Jupiter Rd ,Garland,TX, 75044,2019-02-21,19:34:08
Sonic Drive-In,6202 Broadway Blvd. ,Garland,TX, 75043,2019-02-21,19:34:08
Sonic Drive-In,625 Town Square Boulevard ,Garland,TX, 75040,2019-02-21,19:34:08
Sonic Drive-In,1910 Main Street ,Gatesville,TX, 76528,2019-02-21,19:33:51
Sonic Drive-In,805 North Nueces ,George West,TX, 78022,2019-02-21,19:33:39
Sonic Drive-In,3207 Williams Drive ,Georgetown,TX, 78626,2019-02-21,19:34:08
Sonic Drive-In,406 N. Austin Avenue ,Georgetown,TX, 78626,2019-02-21,19:34:08
Sonic Drive-In,1254 E. Austin ,Giddings,TX, 78942,2019-02-21,19:34:09
Sonic Drive-In,909 N. Wood ,Gilmer,TX, 75644,2019-02-21,19:34:09
Sonic Drive-In,1103 E Broadway ,Gladewater,TX, 75647,2019-02-21,19:34:09
Sonic Drive-In,1610 N.e. Big Bend Trail ,Glen Rose,TX, 76043,2019-02-21,19:33:29
Sonic Drive-In,1701 South Beckley Road ,Glenn Heights,TX, 75154,2019-02-21,19:34:10
Sonic Drive-In,201 E. Ovilla Road ,Glenn Heights,TX, 75154,2019-02-21,19:34:10
Sonic Drive-In,1803 N. St. Joseph ,Gonzales,TX, 78629,2019-02-21,19:34:10
Sonic Drive-In,1217 Highway 16 South ,Graham,TX, 76450,2019-02-21,19:33:42
Sonic Drive-In,1155 Highway 377 East ,Granbury,TX, 76048,2019-02-21,19:33:29
Sonic Drive-In,210 West Pioneer ,Grand Prairie,TX, 75051,2019-02-21,19:34:10
Sonic Drive-In,2650 North Highway 360 ,Grand Prairie,TX, 75050,2019-02-21,19:34:04
Sonic Drive-In,2864 W. Camp Wisdom Road ,Grand Prairie,TX, 75052,2019-02-21,19:34:10
Sonic Drive-In,2991 S Highway 360 ,Grand Prairie,TX, 75052,2019-02-21,19:34:10
Sonic Drive-In,3738 S. Carrier Parkway ,Grand Prairie,TX, 75052,2019-02-21,19:34:10
Sonic Drive-In,402 W. Main ,Grand Prairie,TX, 75050,2019-02-21,19:34:10
Sonic Drive-In,4050 S Great Sw Parkway ,Grand Prairie,TX, 75052,2019-02-21,19:34:10
Sonic Drive-In,1021 West Frank ,Grand Saline,TX, 75140,2019-02-21,19:33:45
Sonic Drive-In,201 West Nw Highway ,Grapevine,TX, 76051,2019-02-21,19:34:11
Sonic Drive-In,2240 Hall - Johnson Road ,Grapevine,TX, 76051,2019-02-21,19:34:04
Sonic Drive-In,3000 Grapevine Mills Pkwy #fc7 ,Grapevine,TX, 76051,2019-02-21,19:33:53
Sonic Drive-In,6219 Wesley Street ,Greenville,TX, 75402,2019-02-21,19:33:52
Sonic Drive-In,303 N. Ellis ,Groesbeck,TX, 76642,2019-02-21,19:33:44
Sonic Drive-In,330 N. Gun Barrel Lane ,Gun Barrel,TX, 75147,2019-02-21,19:33:33
Sonic Drive-In,925 N. 8th Street ,Gunter,TX, 75058,2019-02-21,19:34:12
Sonic Drive-In,1624 N. Texana Street ,Hallettsville,TX, 77964,2019-02-21,19:33:52
Sonic Drive-In,306 W Main ,Hallsville,TX, 75650,2019-02-21,19:34:12
Sonic Drive-In,3424 Denton Highway ,Haltom City,TX, 76117,2019-02-21,19:34:12
Sonic Drive-In,6280 North Beach Street ,Haltom City,TX, 76137,2019-02-21,19:34:12
Sonic Drive-In,701 E Main Street ,Hamilton,TX, 76531,2019-02-21,19:34:12
Sonic Drive-In,704 Indian Trail ,Harker Heights,TX, 76548,2019-02-21,19:34:13
Sonic Drive-In,1302 Morgan Boulevard ,Harlingen,TX, 78550,2019-02-21,19:33:43
Sonic Drive-In,509 Ed Carey Drive ,Harlingen,TX, 78550,2019-02-21,19:33:43
Sonic Drive-In,1402 N. E Avenue ,Haskell,TX, 79521,2019-02-21,19:34:13
Sonic Drive-In,13250 Highway 287 & 81 ,Haslet,TX, 76052,2019-02-21,19:33:34
Sonic Drive-In,470 Fm 156 South ,Haslet,TX, 76052,2019-02-21,19:34:13
Sonic Drive-In,317 N Beaulah Street ,Hawkins,TX, 75765,2019-02-21,19:34:13
Sonic Drive-In,207 N. Market Street ,Hearne,TX, 77859,2019-02-21,19:33:45
Sonic Drive-In,12405 Bandera Road ,Helotes,TX, 78023,2019-02-21,19:33:40
Sonic Drive-In,2045 Fm 1488 ,Hempstead,TX, 77445,2019-02-21,19:33:39
Sonic Drive-In,2128 Us Highway 79 ,Henderson,TX, 75654,2019-02-21,19:34:14
Sonic Drive-In,500 Highway 79 N. ,Henderson,TX, 75652,2019-02-21,19:33:47
Sonic Drive-In,402 E. Omega ,Henrietta,TX, 76365,2019-02-21,19:33:41
Sonic Drive-In,305 N. 25 Mile Avenue ,Hereford,TX, 79045,2019-02-21,19:34:00
Sonic Drive-In,4150 Teasley Lane ,Hickory Creek,TX, 75065,2019-02-21,19:34:14
Sonic Drive-In,205 West Second Street ,Hico,TX, 76457,2019-02-21,19:34:00
Sonic Drive-In,223 Main Street ,Highlands,TX, 77562,2019-02-21,19:33:55
Sonic Drive-In,1322 Corsicana Highway ,Hillsboro,TX, 76645,2019-02-21,19:34:15
Sonic Drive-In,32202 Hempstead Highway Bldg B ,Hockley,TX, 77447,2019-02-21,19:34:14
Sonic Drive-In,705 19th Street ,Hondo,TX, 78861,2019-02-21,19:33:59
Sonic Drive-In,500a Main Street ,Hooks,TX, 75561,2019-02-21,19:33:58
Sonic Drive-In,1054 Uvalde Rd ,Houston,TX, 77015,2019-02-21,19:34:16
Sonic Drive-In,1100 Blalock ,Houston,TX, 77055,2019-02-21,19:34:16
Sonic Drive-In,1101 Dairy Ashford Street ,Houston,TX, 77079,2019-02-21,19:34:16
Sonic Drive-In,11110 Scarsdale Blvd. ,Houston,TX, 77089,2019-02-21,19:34:16
Sonic Drive-In,11250 Westheimer Rd ,Houston,TX, 77042,2019-02-21,19:34:16
Sonic Drive-In,11350 Space Center Blvd ,Houston,TX, 77059,2019-02-21,19:33:50
Sonic Drive-In,11390 Monroe Road ,Houston,TX, 77075,2019-02-21,19:34:16
Sonic Drive-In,11902 Bissonnet Street ,Houston,TX, 77099,2019-02-21,19:34:16
Sonic Drive-In,1201 W. Sam Houston Parkway No ,Houston,TX, 77043,2019-02-21,19:34:16
Sonic Drive-In,1208 Federal Road ,Houston,TX, 77015,2019-02-21,19:34:16
Sonic Drive-In,12419 Kuykendahl Rd ,Houston,TX, 77090,2019-02-21,19:34:16
Sonic Drive-In,12620 Jones Road ,Houston,TX, 77070,2019-02-21,19:34:16
Sonic Drive-In,12710 Tomball Pkwy ,Houston,TX, 77086,2019-02-21,19:34:16
Sonic Drive-In,12901 Fm 1960 West ,Houston,TX, 77065,2019-02-21,19:34:16
Sonic Drive-In,13028 Veterans Memorial Hwy ,Houston,TX, 77014,2019-02-21,19:34:16
Sonic Drive-In,13280 Almeda Road ,Houston,TX, 77045,2019-02-21,19:34:16
Sonic Drive-In,13310 West Little York ,Houston,TX, 77041,2019-02-21,19:34:16
Sonic Drive-In,13535 Post Oak Road ,Houston,TX, 77045,2019-02-21,19:34:16
Sonic Drive-In,1437 Fm 1960 Road West ,Houston,TX, 77090,2019-02-21,19:34:16
Sonic Drive-In,"14650 Crosby Freeway, Ste A ",Houston,TX, 77049,2019-02-21,19:33:55
Sonic Drive-In,1511 Wirt Road ,Houston,TX, 77055,2019-02-21,19:34:16
Sonic Drive-In,15917-c S Post Oak ,Houston,TX, 77053,2019-02-21,19:34:16
Sonic Drive-In,19625 Tomball Pkwy ,Houston,TX, 77070,2019-02-21,19:34:16
Sonic Drive-In,2010 Aldine Bender Road ,Houston,TX, 77032,2019-02-21,19:34:16
Sonic Drive-In,2720 Washington Ave ,Houston,TX, 77007,2019-02-21,19:34:16
Sonic Drive-In,2812 Eldridge Pkwy ,Houston,TX, 77077,2019-02-21,19:34:16
Sonic Drive-In,3000 N Durham Drive ,Houston,TX, 77018,2019-02-21,19:34:16
Sonic Drive-In,3626 Old Spanish Trail ,Houston,TX, 77021,2019-02-21,19:34:16
Sonic Drive-In,3711 Little York Rd ,Houston,TX, 77093,2019-02-21,19:34:16
Sonic Drive-In,4020 S. Sam Houston Pkwy East ,Houston,TX, 77047,2019-02-21,19:34:16
Sonic Drive-In,4355 E Sam Houston Parkway N ,Houston,TX, 77015,2019-02-21,19:34:15
Sonic Drive-In,4395 W. Sam Houston Parkway N ,Houston,TX, 77043,2019-02-21,19:34:16
Sonic Drive-In,5195 W 34th St ,Houston,TX, 77092,2019-02-21,19:34:16
Sonic Drive-In,5902 Hillcroft St ,Houston,TX, 77036,2019-02-21,19:34:16
Sonic Drive-In,6245 Barker-cypress Road ,Houston,TX, 77084,2019-02-21,19:34:16
Sonic Drive-In,7002 Gulf Freeway ,Houston,TX, 77087,2019-02-21,19:34:16
Sonic Drive-In,710 Fm 1960 East ,Houston,TX, 77073,2019-02-21,19:34:16
Sonic Drive-In,"711 Louisiana Street, Ste #100 ",Houston,TX, 77002,2019-02-21,19:34:16
Sonic Drive-In,7470 Bellfort Street ,Houston,TX, 77087,2019-02-21,19:34:16
Sonic Drive-In,7500 W. Tidwell ,Houston,TX, 77040,2019-02-21,19:34:16
Sonic Drive-In,7650 Highway 6 N. ,Houston,TX, 77095,2019-02-21,19:34:16
Sonic Drive-In,8404 Westheimer Road ,Houston,TX, 77063,2019-02-21,19:34:16
Sonic Drive-In,8405 N. Houston Rosslyn Road ,Houston,TX, 77088,2019-02-21,19:34:16
Sonic Drive-In,85 E. Crosstimbers ,Houston,TX, 77022,2019-02-21,19:34:16
Sonic Drive-In,8504 Main Street ,Houston,TX, 77025,2019-02-21,19:34:16
Sonic Drive-In,9221 West Road ,Houston,TX, 77064,2019-02-21,19:34:16
Sonic Drive-In,9403 North Freeway ,Houston,TX, 77037,2019-02-21,19:34:16
Sonic Drive-In,9703 Jones Road ,Houston,TX, 77065,2019-02-21,19:34:16
Sonic Drive-In,9931 Almeda-genoa Rd ,Houston,TX, 77075,2019-02-21,19:34:16
Sonic Drive-In,105 N. Collins Freeway ,Howe,TX, 75459,2019-02-21,19:33:32
Sonic Drive-In,101 Northeast 4th Street ,Hubbard,TX, 76648,2019-02-21,19:34:17
Sonic Drive-In,11109 Fm 1960 East ,Huffman,TX, 77336,2019-02-21,19:33:33
Sonic Drive-In,1006 E. First Street ,Hughes Springs,TX, 75656,2019-02-21,19:33:56
Sonic Drive-In,1524 First Street ,Humble,TX, 77338,2019-02-21,19:33:33
Sonic Drive-In,3219 Fm 1960 ,Humble,TX, 77338,2019-02-21,19:34:17
Sonic Drive-In,3806 Atascocita Road ,Humble,TX, 77396,2019-02-21,19:33:33
Sonic Drive-In,4810 Wilson Road ,Humble,TX, 77396,2019-02-21,19:34:17
Sonic Drive-In,7102 Will Clayton Parkway ,Humble,TX, 77338,2019-02-21,19:34:17
Sonic Drive-In,7820 Fm 1960 Bypass W ,Humble,TX, 77338,2019-02-21,19:34:17
Sonic Drive-In,407 Highway 69 North ,Huntington,TX, 75949,2019-02-21,19:33:59
Sonic Drive-In,2518 Sam Houston ,Huntsville,TX, 77340,2019-02-21,19:34:17
Sonic Drive-In,2705 11th Street ,Huntsville,TX, 77340,2019-02-21,19:34:17
Sonic Drive-In,1308 Precinct Line ,Hurst,TX, 76053,2019-02-21,19:34:18
Sonic Drive-In,1451 W. Hurst Boulevard ,Hurst,TX, 76053,2019-02-21,19:34:18
Sonic Drive-In,712 Highway 79 West ,Hutto,TX, 78634,2019-02-21,19:34:18
Sonic Drive-In,306 West First Street ,Idalou,TX, 79329,2019-02-21,19:34:18
Sonic Drive-In,2250 State Highway 361 ,Ingleside,TX, 78362,2019-02-21,19:33:32
Sonic Drive-In,719 W. Highway ,Iowa Park,TX, 76367,2019-02-21,19:33:44
Sonic Drive-In,1310 W. Pioneer ,Irving,TX, 75061,2019-02-21,19:34:19
Sonic Drive-In,1425 N. Loop 12 ,Irving,TX, 75061,2019-02-21,19:34:19
Sonic Drive-In,1445 N. Beltline Road ,Irving,TX, 75061,2019-02-21,19:34:19
Sonic Drive-In,1750 Market Place Blvd ,Irving,TX, 75063,2019-02-21,19:33:53
Sonic Drive-In,2327 W. Shady Grove ,Irving,TX, 75060,2019-02-21,19:34:19
Sonic Drive-In,3431 West Walnut Hill ,Irving,TX, 75038,2019-02-21,19:34:19
Sonic Drive-In,900 W. John Carpenter Frwy ,Irving,TX, 75039,2019-02-21,19:34:19
Sonic Drive-In,1020 Dale Evans Drive ,Italy,TX, 76651,2019-02-21,19:34:15
Sonic Drive-In,1204 East Main Street ,Itasca,TX, 76055,2019-02-21,19:34:15
Sonic Drive-In,707 N. Main Street ,Jacksboro,TX, 76458,2019-02-21,19:33:42
Sonic Drive-In,1105 S. Jackson Street ,Jacksonville,TX, 75766,2019-02-21,19:34:20
Sonic Drive-In,850 South Wheeler ,Jasper,TX, 75951,2019-02-21,19:34:20
Sonic Drive-In,203 S. Walcott Street ,Jefferson,TX, 75657,2019-02-21,19:34:20
Sonic Drive-In,315 N. Broadway ,Joshua,TX, 76058,2019-02-21,19:33:30
Sonic Drive-In,2337 North Main Street ,Junction,TX, 76849,2019-02-21,19:34:20
Sonic Drive-In,802 South Highway 156 ,Justin,TX, 76247,2019-02-21,19:33:58
Sonic Drive-In,213 Highway 123 ,Karnes City,TX, 78118,2019-02-21,19:34:21
Sonic Drive-In,1438 West Grand Parkway ,Katy,TX, 77449,2019-02-21,19:34:21
Sonic Drive-In,1530 S. Mason Road ,Katy,TX, 77450,2019-02-21,19:33:49
Sonic Drive-In,1849 Fry Road ,Katy,TX, 77449,2019-02-21,19:34:21
Sonic Drive-In,1955a Mason Road ,Katy,TX, 77449,2019-02-21,19:34:21
Sonic Drive-In,25022 Fm 1093 Road ,Katy,TX, 77494,2019-02-21,19:33:49
Sonic Drive-In,5451 Highway Boulevard ,Katy,TX, 77450,2019-02-21,19:34:07
Sonic Drive-In,6025 North Fry Road ,Katy,TX, 77449,2019-02-21,19:34:21
Sonic Drive-In,9740 Gaston Road ,Katy,TX, 77494,2019-02-21,19:33:49
Sonic Drive-In,2233 South Washington ,Kaufman,TX, 75142,2019-02-21,19:33:54
Sonic Drive-In,301 South Old Betsy ,Keene,TX, 76059,2019-02-21,19:33:30
Sonic Drive-In,2009 S Main Street ,Keller,TX, 76248,2019-02-21,19:34:22
Sonic Drive-In,4500 Golden Triangle Blvd ,Keller,TX, 76248,2019-02-21,19:34:21
Sonic Drive-In,771 Keller Parkway ,Keller,TX, 76248,2019-02-21,19:34:22
Sonic Drive-In,8661 N Beach Street ,Keller,TX, 76248,2019-02-21,19:34:22
Sonic Drive-In,1355 Highway 146 ,Kemah,TX, 77565,2019-02-21,19:34:22
Sonic Drive-In,109 North Highway 274 ,Kemp,TX, 75143,2019-02-21,19:34:11
Sonic Drive-In,200 N. Sunset ,Kenedy,TX, 78119,2019-02-21,19:33:39
Sonic Drive-In,401 S. Poplar Street ,Kermit,TX, 79745,2019-02-21,19:34:22
Sonic Drive-In,1281 Junction Highway ,Kerrville,TX, 78028,2019-02-21,19:33:38
Sonic Drive-In,1727 Sidney Baker ,Kerrville,TX, 78028,2019-02-21,19:33:38
Sonic Drive-In,217 Henderson Boulevard ,Kilgore,TX, 75662,2019-02-21,19:34:23
Sonic Drive-In,1306 East Stan Schlueter Loop ,Killeen,TX, 76542,2019-02-21,19:33:53
Sonic Drive-In,1514 S Fort Hood Street ,Killeen,TX, 76542,2019-02-21,19:33:53
Sonic Drive-In,1803 S W.s. Young Dr ,Killeen,TX, 76542,2019-02-21,19:33:53
Sonic Drive-In,2701 E. Rancier ,Killeen,TX, 76541,2019-02-21,19:34:08
Sonic Drive-In,5303 John David Drive ,Killeen,TX, 76549,2019-02-21,19:33:53
Sonic Drive-In,1605 Ranch Road 1431 ,Kingsland,TX, 78639,2019-02-21,19:33:45
Sonic Drive-In,602 S. 14th Street ,Kingsville,TX, 78363,2019-02-21,19:33:30
Sonic Drive-In,330 Northpark Drive ,Kingwood,TX, 77339,2019-02-21,19:34:23
Sonic Drive-In,4211 West Lake Houston Parkway ,Kingwood,TX, 77339,2019-02-21,19:33:33
Sonic Drive-In,909 S. Margaret ,Kirbyville,TX, 75956,2019-02-21,19:33:44
Sonic Drive-In,1300 S Pine ,Kountze,TX, 77625,2019-02-21,19:34:24
Sonic Drive-In,1221 East Mccart ,Krum,TX, 76249,2019-02-21,19:34:24
Sonic Drive-In,1736 Rebel Drive ,Kyle,TX, 78640,2019-02-21,19:34:24
Sonic Drive-In,400 Fm 150 East ,Kyle,TX, 78640,2019-02-21,19:34:24
Sonic Drive-In,717 E. Travis ,La Grange,TX, 78945,2019-02-21,19:33:52
Sonic Drive-In,2000 Fm 1764 Road ,La Marque,TX, 77568,2019-02-21,19:34:25
Sonic Drive-In,4100 Texas Avenue ,La Marque,TX, 77568,2019-02-21,19:34:25
Sonic Drive-In,401 N. Fourth ,La Mesa,TX, 79331,2019-02-21,19:34:25
Sonic Drive-In,9827 W. Main ,La Porte,TX, 77571,2019-02-21,19:33:58
Sonic Drive-In,13887 Us Highway 87 West ,La Vernia,TX, 78121,2019-02-21,19:34:05
Sonic Drive-In,20700 Fm 1431 ,Lago Vista,TX, 78645,2019-02-21,19:34:23
Sonic Drive-In,101 Main Street ,Lake Dallas,TX, 75065,2019-02-21,19:34:14
Sonic Drive-In,209 Highway 332 West ,Lake Jackson,TX, 77566,2019-02-21,19:33:32
Sonic Drive-In,6327 Lake Worth Blvd ,Lake Worth,TX, 76135,2019-02-21,19:33:34
Sonic Drive-In,5003 Estes Parkway ,Lakeport,TX, 75603,2019-02-21,19:34:26
Sonic Drive-In,2102 Ranch Road 620 S. ,Lakeway,TX, 78734,2019-02-21,19:34:00
Sonic Drive-In,702 S. Key Avenue ,Lampasas,TX, 76550,2019-02-21,19:33:45
Sonic Drive-In,3209 West Pleasant Run ,Lancaster,TX, 75146,2019-02-21,19:34:27
Sonic Drive-In,7060 Justin Road ,Lantana,TX, 76226,2019-02-21,19:34:27
Sonic Drive-In,1302 Internation Boulevard ,Laredo,TX, 78045,2019-02-21,19:34:27
Sonic Drive-In,2001 Highway 83 ,Laredo,TX, 78043,2019-02-21,19:34:27
Sonic Drive-In,5505 Mcpherson Road ,Laredo,TX, 78041,2019-02-21,19:34:27
Sonic Drive-In,925 South State Highway 78 ,Lavon,TX, 75166,2019-02-21,19:34:05
Sonic Drive-In,1159 W. Main ,League City,TX, 77573,2019-02-21,19:34:28
Sonic Drive-In,2311 Fm 518 East ,League City,TX, 77573,2019-02-21,19:33:50
Sonic Drive-In,2855 East League City ,League City,TX, 77573,2019-02-21,19:34:22
Sonic Drive-In,809 S Us Highway 183 ,Leander,TX, 78641,2019-02-21,19:34:28
Sonic Drive-In,551 South Highway 69 ,Leonard,TX, 75452,2019-02-21,19:33:40
Sonic Drive-In,202 College Avenue ,Levelland,TX, 79336,2019-02-21,19:33:43
Sonic Drive-In,1413 West F.m. 407 ,Lewisville,TX, 75067,2019-02-21,19:34:14
Sonic Drive-In,175 N. Valley Parkway ,Lewisville,TX, 75067,2019-02-21,19:34:32
Sonic Drive-In,"2401 S. Stemmons Frwy, #2340 ",Lewisville,TX, 75067,2019-02-21,19:33:53
Sonic Drive-In,380 E Round Grove Road ,Lewisville,TX, 75067,2019-02-21,19:33:53
Sonic Drive-In,6115 Old Highway 135 North ,Liberty City,TX, 75662,2019-02-21,19:34:09
Sonic Drive-In,14240 West State Highway 29 ,Liberty Hill,TX, 78642,2019-02-21,19:33:45
Sonic Drive-In,1821 Highway 90 ,Liberty,TX, 77575,2019-02-21,19:33:57
Sonic Drive-In,3214 S. Main Street ,Lindale,TX, 75771,2019-02-21,19:34:13
Sonic Drive-In,510 S. Main ,Lindale,TX, 75771,2019-02-21,19:34:13
Sonic Drive-In,917 Highway 59 South ,Linden,TX, 75563,2019-02-21,19:33:33
Sonic Drive-In,11951 Fm 423 ,Little Elm,TX, 75068,2019-02-21,19:33:48
Sonic Drive-In,900 West Eldorado Parkway ,Little Elm,TX, 75068,2019-02-21,19:33:55
Sonic Drive-In,1015 Hall Avenue ,Littlefield,TX, 79339,2019-02-21,19:34:31
Sonic Drive-In,1008 W. Church St ,Livingston,TX, 77351,2019-02-21,19:33:54
Sonic Drive-In,505 W Young Street ,Llano,TX, 78643,2019-02-21,19:33:41
Sonic Drive-In,830 S. Colorado ,Lockhart,TX, 78644,2019-02-21,19:34:10
Sonic Drive-In,15605 Fm 968 West ,Longview,TX, 75602,2019-02-21,19:34:12
Sonic Drive-In,1801 Judson Road ,Longview,TX, 75605,2019-02-21,19:34:34
Sonic Drive-In,1930 East Marshall Avenue ,Longview,TX, 75601,2019-02-21,19:34:12
Sonic Drive-In,2106 Gilmer Road ,Longview,TX, 75604,2019-02-21,19:34:34
Sonic Drive-In,3302 South Eastman Road ,Longview,TX, 75604,2019-02-21,19:34:12
Sonic Drive-In,3501 North 4th Street ,Longview,TX, 75605,2019-02-21,19:34:12
Sonic Drive-In,4001 W. Marshall Avenue ,Longview,TX, 75604,2019-02-21,19:34:09
Sonic Drive-In,4100 Gilmer Road ,Longview,TX, 75604,2019-02-21,19:34:09
Sonic Drive-In,4220 West Loop 281 ,Longview,TX, 75604,2019-02-21,19:34:23
Sonic Drive-In,302 North Frontage Road ,Lorena,TX, 76655,2019-02-21,19:34:34
Sonic Drive-In,101 N University Ave ,Lubbock,TX, 79415,2019-02-21,19:34:18
Sonic Drive-In,10109 Slide Road ,Lubbock,TX, 79424,2019-02-21,19:33:43
Sonic Drive-In,12702 Indiana Avenue ,Lubbock,TX, 79423,2019-02-21,19:34:34
Sonic Drive-In,1609 Martin Luther King Blvd ,Lubbock,TX, 79403,2019-02-21,19:34:18
Sonic Drive-In,1901 34th Street & Avenue S ,Lubbock,TX, 79401,2019-02-21,19:34:18
Sonic Drive-In,4401 4th Street ,Lubbock,TX, 79416,2019-02-21,19:34:18
Sonic Drive-In,4611 34th Street ,Lubbock,TX, 79414,2019-02-21,19:34:34
Sonic Drive-In,4904 Indiana Avenue ,Lubbock,TX, 79413,2019-02-21,19:34:34
Sonic Drive-In,5202b 50th Street ,Lubbock,TX, 79414,2019-02-21,19:34:34
Sonic Drive-In,5722 Fourth Street ,Lubbock,TX, 79416,2019-02-21,19:34:33
Sonic Drive-In,5802 64th Street ,Lubbock,TX, 79424,2019-02-21,19:34:34
Sonic Drive-In,6419 W. 19th Street ,Lubbock,TX, 79407,2019-02-21,19:34:31
Sonic Drive-In,7220 Quaker Avenue ,Lubbock,TX, 79424,2019-02-21,19:34:34
Sonic Drive-In,7603 Milwaukee Avenue ,Lubbock,TX, 79424,2019-02-21,19:33:43
Sonic Drive-In,8010 S University ,Lubbock,TX, 79423,2019-02-21,19:34:34
Sonic Drive-In,1805 S First ,Lufkin,TX, 75901,2019-02-21,19:33:54
Sonic Drive-In,1901 W. Frank Street ,Lufkin,TX, 75904,2019-02-21,19:33:59
Sonic Drive-In,417 N. Timberland Drive ,Lufkin,TX, 75901,2019-02-21,19:33:59
Sonic Drive-In,920 East Pierce Street ,Luling,TX, 78648,2019-02-21,19:34:10
Sonic Drive-In,106 North Main Street ,Lumberton,TX, 77657,2019-02-21,19:33:44
Sonic Drive-In,135 North Lhs Drive ,Lumberton,TX, 77657,2019-02-21,19:34:24
Sonic Drive-In,19350 Mc Donald Street ,Lytle,TX, 78052,2019-02-21,19:33:48
Sonic Drive-In,2605 E. Main Street ,Madisonville,TX, 77864,2019-02-21,19:33:55
Sonic Drive-In,130 Smith Road ,Magnolia,TX, 77354,2019-02-21,19:34:14
Sonic Drive-In,5922 Fm 1488 ,Magnolia,TX, 77354,2019-02-21,19:34:35
Sonic Drive-In,418 West Royall Boulevard ,Malakoff,TX, 75148,2019-02-21,19:33:33
Sonic Drive-In,11215 Us Highway 290 E ,Manor,TX, 78653,2019-02-21,19:34:03
Sonic Drive-In,110 N. Walnut Creek Drive ,Mansfield,TX, 76063,2019-02-21,19:34:36
Sonic Drive-In,1700 Highway 157 North ,Mansfield,TX, 76063,2019-02-21,19:34:36
Sonic Drive-In,3120 E. Broad Street ,Mansfield,TX, 76063,2019-02-21,19:34:36
Sonic Drive-In,17518 State Highway 6 ,Manvel,TX, 77578,2019-02-21,19:34:36
Sonic Drive-In,1405 Highway 281 North ,Marble Falls,TX, 78654,2019-02-21,19:33:45
Sonic Drive-In,428 Live Oak Street ,Marlin,TX, 76661,2019-02-21,19:34:37
Sonic Drive-In,900 East End Blvd South ,Marshall,TX, 75670,2019-02-21,19:33:47
Sonic Drive-In,901 E. Grand ,Marshall,TX, 75670,2019-02-21,19:34:20
Sonic Drive-In,728 E. San Patricio Avenue ,Mathis,TX, 78368,2019-02-21,19:33:30
Sonic Drive-In,11786 Hwy 62 North ,Mauriceville,TX, 77632,2019-02-21,19:33:44
Sonic Drive-In,6481 Eldorado Parkway ,McKinney,TX, 75070,2019-02-21,19:34:38
Sonic Drive-In,3100 N. 10th Street ,Mcallen,TX, 78501,2019-02-21,19:34:02
Sonic Drive-In,3804 W. Pecan ,Mcallen,TX, 78501,2019-02-21,19:34:02
Sonic Drive-In,926 West Mcgregor ,Mcgregor,TX, 76657,2019-02-21,19:33:51
Sonic Drive-In,2950 Eldorado Parkway ,Mckinney,TX, 75070,2019-02-21,19:34:38
Sonic Drive-In,312 W. University Drive ,Mckinney,TX, 75069,2019-02-21,19:33:32
Sonic Drive-In,420 North Custer Road ,Mckinney,TX, 75071,2019-02-21,19:33:48
Sonic Drive-In,7221 S. Custer Road ,Mckinney,TX, 75070,2019-02-21,19:34:38
Sonic Drive-In,120 North Highway 205 ,Mclendon-chisholm,TX, 75032,2019-02-21,19:34:06
Sonic Drive-In,2404 Sam Rayburn Highway ,Melissa,TX, 75454,2019-02-21,19:33:32
Sonic Drive-In,219 S Boykin @ 287 ,Memphis,TX, 79245,2019-02-21,19:33:49
Sonic Drive-In,9846 Interstate 20 ,Merkel,TX, 79536,2019-02-21,19:33:32
Sonic Drive-In,1800 Oates ,Mesquite,TX, 75150,2019-02-21,19:34:39
Sonic Drive-In,1851 Military Parkway ,Mesquite,TX, 75149,2019-02-21,19:34:39
Sonic Drive-In,191 W. Cartwright Road ,Mesquite,TX, 75149,2019-02-21,19:34:39
Sonic Drive-In,210 Pioneer Road ,Mesquite,TX, 75149,2019-02-21,19:34:06
Sonic Drive-In,2297 N Beltline Road ,Mesquite,TX, 75150,2019-02-21,19:34:39
Sonic Drive-In,3025 North Galloway ,Mesquite,TX, 75150,2019-02-21,19:34:39
Sonic Drive-In,4617 Gus Thomasson Road ,Mesquite,TX, 75150,2019-02-21,19:34:39
Sonic Drive-In,601 East Milam Street ,Mexia,TX, 76667,2019-02-21,19:34:04
Sonic Drive-In,1109 Midkiff Road ,Midland,TX, 79701,2019-02-21,19:34:40
Sonic Drive-In,2104 N. Big Spring ,Midland,TX, 79705,2019-02-21,19:34:40
Sonic Drive-In,2301 Rankin Highway ,Midland,TX, 79701,2019-02-21,19:34:40
Sonic Drive-In,4201 North Midland Drive ,Midland,TX, 79707,2019-02-21,19:33:31
Sonic Drive-In,2220 Plainview Road ,Midlothian,TX, 76065,2019-02-21,19:34:40
Sonic Drive-In,401 East Main Street ,Midlothian,TX, 76065,2019-02-21,19:34:40
Sonic Drive-In,311 W. Broad Street ,Mineola,TX, 75773,2019-02-21,19:34:11
Sonic Drive-In,1715 East Hubbard ,Mineral Wells,TX, 76067,2019-02-21,19:34:10
Sonic Drive-In,5805 Highway 6 South ,Missouri City,TX, 77459,2019-02-21,19:34:41
Sonic Drive-In,6126 Sienna Ranch Road ,Missouri City,TX, 77459,2019-02-21,19:34:41
Sonic Drive-In,811 South Stockton ,Monahans,TX, 79756,2019-02-21,19:34:06
Sonic Drive-In,11003 Eagle Drive ,Mont Belvieu,TX, 77523,2019-02-21,19:33:57
Sonic Drive-In,14625 Hwy 105 West ,Montgomery,TX, 77356,2019-02-21,19:34:41
Sonic Drive-In,1402 S. Jefferson ,Mount Pleasant,TX, 75455,2019-02-21,19:33:56
Sonic Drive-In,1701 North Jefferson Avenue ,Mount Pleasant,TX, 75455,2019-02-21,19:34:41
Sonic Drive-In,512 I-30 West ,Mount Vernon,TX, 75457,2019-02-21,19:34:42
Sonic Drive-In,716 E. Division Street ,Muenster,TX, 76252,2019-02-21,19:34:42
Sonic Drive-In,1633 W. American Boulevard ,Muleshoe,TX, 79347,2019-02-21,19:34:00
Sonic Drive-In,109 W. Fm 544 ,Murphy,TX, 75094,2019-02-21,19:34:42
Sonic Drive-In,2903 North Street ,Nacogdoches,TX, 75961,2019-02-21,19:33:48
Sonic Drive-In,3419 South Street ,Nacogdoches,TX, 75961,2019-02-21,19:33:48
Sonic Drive-In,1792 North Kings Highway ,Nash,TX, 75569,2019-02-21,19:33:58
Sonic Drive-In,9249 Highway 90 South ,Navasota,TX, 77868,2019-02-21,19:33:42
Sonic Drive-In,2205 Nederland Avenue ,Nederland,TX, 77627,2019-02-21,19:34:43
Sonic Drive-In,320 First Drive ,New Boston,TX, 75570,2019-02-21,19:33:58
Sonic Drive-In,710 South Seguin Avenue ,New Braunfels,TX, 78130,2019-02-21,19:33:46
Sonic Drive-In,716 State Highway 46 South ,New Braunfels,TX, 78130,2019-02-21,19:34:44
Sonic Drive-In,861 Loop 337 ,New Braunfels,TX, 78130,2019-02-21,19:33:46
Sonic Drive-In,20633 Fm 1485 Road ,New Caney,TX, 77357,2019-02-21,19:33:50
Sonic Drive-In,409 W. Highway 82 ,Nocona,TX, 76255,2019-02-21,19:33:41
Sonic Drive-In,5647 Rufe Snow Drive ,North Richland Hills,TX, 76180,2019-02-21,19:34:44
Sonic Drive-In,6724 Davis Boulevard ,North Richland Hills,TX, 76180,2019-02-21,19:33:52
Sonic Drive-In,7608 Blvd 26 ,North Richland Hills,TX, 76180,2019-02-21,19:34:44
Sonic Drive-In,8425 Davis Blvd ,North Richland Hills,TX, 76180,2019-02-21,19:33:52
Sonic Drive-In,8875 Grapevine Highway ,North Richland Hills,TX, 76180,2019-02-21,19:33:52
Sonic Drive-In,1810 E Eighth Street ,Odessa,TX, 79762,2019-02-21,19:33:54
Sonic Drive-In,2313 North County Road West ,Odessa,TX, 79763,2019-02-21,19:33:54
Sonic Drive-In,2636 John Ben Sheppard Parkway ,Odessa,TX, 79761,2019-02-21,19:34:44
Sonic Drive-In,3514 Andrews Highway ,Odessa,TX, 79762,2019-02-21,19:33:54
Sonic Drive-In,3823 E 52nd Street ,Odessa,TX, 79762,2019-02-21,19:33:31
Sonic Drive-In,7725 West University Blvd. ,Odessa,TX, 79763,2019-02-21,19:33:54
Sonic Drive-In,8684 Andrews Highway ,Odessa,TX, 79765,2019-02-21,19:33:31
Sonic Drive-In,1403 West Main Street ,Olney,TX, 76374,2019-02-21,19:33:32
Sonic Drive-In,14050 Us Hwy 190 West ,Onalaska,TX, 77360,2019-02-21,19:33:54
Sonic Drive-In,2210 Hwy 62 ,Orange,TX, 77630,2019-02-21,19:33:42
Sonic Drive-In,2805 Macarthur Drive ,Orange,TX, 77630,2019-02-21,19:33:42
Sonic Drive-In,3103 N. 16th Street ,Orange,TX, 77630,2019-02-21,19:33:42
Sonic Drive-In,600 Highway 259 North ,Ore City,TX, 75683,2019-02-21,19:33:56
Sonic Drive-In,704 East 14th Street ,Ozona,TX, 76943,2019-02-21,19:33:40
Sonic Drive-In,317 Henderson ,Palacios,TX, 77465,2019-02-21,19:33:38
Sonic Drive-In,220 W. Palestine Avenue ,Palestine,TX, 75801,2019-02-21,19:33:55
Sonic Drive-In,2727 S Loop 256 ,Palestine,TX, 75801,2019-02-21,19:33:55
Sonic Drive-In,1639 North Interstate 45 ,Palmer,TX, 75152,2019-02-21,19:34:04
Sonic Drive-In,1404 N. Hobart ,Pampa,TX, 79065,2019-02-21,19:33:41
Sonic Drive-In,512 Us Highway 60 ,Panhandle,TX, 79068,2019-02-21,19:33:41
Sonic Drive-In,2350 North Main Street ,Paris,TX, 75460,2019-02-21,19:34:46
Sonic Drive-In,2425 Lamar Avenue ,Paris,TX, 75460,2019-02-21,19:33:50
Sonic Drive-In,3107 Red Bluff Road ,Pasadena,TX, 77503,2019-02-21,19:33:58
Sonic Drive-In,5020 Fairmont Parkway ,Pasadena,TX, 77505,2019-02-21,19:33:58
Sonic Drive-In,10101 Broadway Street ,Pearland,TX, 77584,2019-02-21,19:34:36
Sonic Drive-In,11309 Shadow Creek Parkway ,Pearland,TX, 77581,2019-02-21,19:34:36
Sonic Drive-In,2815 E. Broadway Street ,Pearland,TX, 77581,2019-02-21,19:33:31
Sonic Drive-In,7031 W Broadway St ,Pearland,TX, 77581,2019-02-21,19:34:36
Sonic Drive-In,814 N. Oak ,Pearsall,TX, 78061,2019-02-21,19:33:54
Sonic Drive-In,5101 South Cedar Street ,Pecos,TX, 79772,2019-02-21,19:34:06
Sonic Drive-In,718 S. Main Street ,Perryton,TX, 79070,2019-02-21,19:34:47
Sonic Drive-In,1101 Fm 685 ,Pflugerville,TX, 78660,2019-02-21,19:34:03
Sonic Drive-In,2014 Pecan Street ,Pflugerville,TX, 78660,2019-02-21,19:34:47
Sonic Drive-In,701 S. Jackson Road ,Pharr,TX, 78577,2019-02-21,19:33:43
Sonic Drive-In,300 S Us Hwy 377 ,Pilot Point,TX, 76258,2019-02-21,19:34:12
Sonic Drive-In,32017 Decker Prairie Road ,Pinehurst,TX, 77362,2019-02-21,19:34:48
Sonic Drive-In,103 North Greer Boulevard ,Pittsburg,TX, 75686,2019-02-21,19:33:56
Sonic Drive-In,4004 Olton Road ,Plainview,TX, 79072,2019-02-21,19:34:49
Sonic Drive-In,501 W Fifth Street ,Plainview,TX, 79072,2019-02-21,19:34:49
Sonic Drive-In,1601 Custer Road ,Plano,TX, 75075,2019-02-21,19:34:49
Sonic Drive-In,2204 Midway Road ,Plano,TX, 75093,2019-02-21,19:34:49
Sonic Drive-In,3404 Coit Road ,Plano,TX, 75023,2019-02-21,19:34:49
Sonic Drive-In,4025 Mapleshade Lane ,Plano,TX, 75075,2019-02-21,19:34:49
Sonic Drive-In,6104 Chase Oaks Boulevard ,Plano,TX, 75023,2019-02-21,19:34:49
Sonic Drive-In,6121 W Park Blvd Fc 102 ,Plano,TX, 75093,2019-02-21,19:34:49
Sonic Drive-In,721 Jupiter ,Plano,TX, 75074,2019-02-21,19:34:42
Sonic Drive-In,7925 Coit Road ,Plano,TX, 75024,2019-02-21,19:34:49
Sonic Drive-In,635 W Oaklawn Street ,Pleasanton,TX, 78064,2019-02-21,19:34:49
Sonic Drive-In,2290 Highway 365 ,Port Arthur,TX, 77640,2019-02-21,19:34:43
Sonic Drive-In,2648 Memorial Drive ,Port Arthur,TX, 77640,2019-02-21,19:34:49
Sonic Drive-In,4525  Twin City Highway ,Port Arthur,TX, 77642,2019-02-21,19:34:43
Sonic Drive-In,6767 W Port Arthur Road ,Port Arthur,TX, 77640,2019-02-21,19:34:43
Sonic Drive-In,411 S. Interstate 35 ,Port Lavaca,TX, 77979,2019-02-21,19:34:46
Sonic Drive-In,772 Magnolia ,Port Neches,TX, 77651,2019-02-21,19:33:42
Sonic Drive-In,21697 Fm 1314 ,Porter,TX, 77365,2019-02-21,19:33:50
Sonic Drive-In,24076 Fm 1314 ,Porter,TX, 77365,2019-02-21,19:34:44
Sonic Drive-In,106 Lang Road ,Portland,TX, 78374,2019-02-21,19:33:32
Sonic Drive-In,215 S Broadway ,Post,TX, 79356,2019-02-21,19:34:50
Sonic Drive-In,202 E Highway 120 ,Pottsboro,TX, 75076,2019-02-21,19:34:50
Sonic Drive-In,401 E Princeton Drive ,Princeton,TX, 75407,2019-02-21,19:34:05
Sonic Drive-In,"100 N. State Hwy 289, Bldg A ",Prosper,TX, 75078,2019-02-21,19:33:48
Sonic Drive-In,1201 West 11th Street ,Quanah,TX, 79252,2019-02-21,19:33:49
Sonic Drive-In,610 Highway 276 E ,Quinlan,TX, 75474,2019-02-21,19:33:52
Sonic Drive-In,305 E. Goode ,Quitman,TX, 75783,2019-02-21,19:34:03
Sonic Drive-In,291 E. Ovilla Road ,Red Oak,TX, 75154,2019-02-21,19:34:46
Sonic Drive-In,6540 Lamar Avenue ,Reno,TX, 75462,2019-02-21,19:33:50
Sonic Drive-In,106 Sw Mckinney Street ,Rice,TX, 75155,2019-02-21,19:34:04
Sonic Drive-In,520 Centennial Blvd ,Richardson,TX, 75081,2019-02-21,19:34:52
Sonic Drive-In,605 South Plano Road ,Richardson,TX, 75081,2019-02-21,19:34:52
Sonic Drive-In,1420 Jackson Street ,Richmond,TX, 77469,2019-02-21,19:34:02
Sonic Drive-In,1880 Fm 359 ,Richmond,TX, 77469,2019-02-21,19:34:52
Sonic Drive-In,22363 Bellaire Boulevard ,Richmond,TX, 77407,2019-02-21,19:33:49
Sonic Drive-In,9835 South Mason Rd ,Richmond,TX, 77406,2019-02-21,19:34:52
Sonic Drive-In,1202 N. Highway 377 ,Roanoke,TX, 76262,2019-02-21,19:34:21
Sonic Drive-In,647 North Robinson ,Robinson,TX, 76706,2019-02-21,19:34:34
Sonic Drive-In,608 West Avenue J ,Robstown,TX, 78380,2019-02-21,19:33:30
Sonic Drive-In,1204 W. Cameron ,Rockdale,TX, 76567,2019-02-21,19:33:45
Sonic Drive-In,1203 Highway 35 North ,Rockport,TX, 78382,2019-02-21,19:33:32
Sonic Drive-In,1001 Goliad ,Rockwall,TX, 75087,2019-02-21,19:34:27
Sonic Drive-In,2215 State Highway 276 ,Rockwall,TX, 75032,2019-02-21,19:34:39
Sonic Drive-In,2805 Horizon Road ,Rockwall,TX, 75032,2019-02-21,19:34:39
Sonic Drive-In,3260 North Goliad Street ,Rockwall,TX, 75087,2019-02-21,19:34:27
Sonic Drive-In,1704 Avenue H ,Rosenberg,TX, 77471,2019-02-21,19:34:02
Sonic Drive-In,23700 Southwest Freeway ,Rosenberg,TX, 77471,2019-02-21,19:34:53
Sonic Drive-In,1201 University Boulevard ,Round Rock,TX, 78665,2019-02-21,19:34:18
Sonic Drive-In,1320 Round Rock Avenue ,Round Rock,TX, 78664,2019-02-21,19:34:54
Sonic Drive-In,1805 N. Mays ,Round Rock,TX, 78664,2019-02-21,19:34:54
Sonic Drive-In,3880 Gattis School Road ,Round Rock,TX, 78664,2019-02-21,19:34:18
Sonic Drive-In,405 Louis Henna Blvd ,Round Rock,TX, 78664,2019-02-21,19:34:54
Sonic Drive-In,901 North A.w. Grimes ,Round Rock,TX, 78664,2019-02-21,19:34:18
Sonic Drive-In,5201 Lakeview ,Rowlett,TX, 75088,2019-02-21,19:34:54
Sonic Drive-In,6601 Dalrock Rd ,Rowlett,TX, 75088,2019-02-21,19:34:54
Sonic Drive-In,205 West I-30 ,Royse City,TX, 75189,2019-02-21,19:34:05
Sonic Drive-In,435 N. Dickinson Drive ,Rusk,TX, 75785,2019-02-21,19:34:20
Sonic Drive-In,6040 S Highway 78 ,Sachse,TX, 75048,2019-02-21,19:34:42
Sonic Drive-In,1145 N. Saginaw Boulevard ,Saginaw,TX, 76179,2019-02-21,19:34:55
Sonic Drive-In,1110 North Robertson Road ,Salado,TX, 76571,2019-02-21,19:34:55
Sonic Drive-In,2920 N. Bryant ,San Angelo,TX, 76903,2019-02-21,19:33:37
Sonic Drive-In,3311 Sherwood Way ,San Angelo,TX, 76901,2019-02-21,19:33:37
Sonic Drive-In,3410 Knickerbocker Road ,San Angelo,TX, 76904,2019-02-21,19:34:55
Sonic Drive-In,527 W. Beauregard ,San Angelo,TX, 76903,2019-02-21,19:33:37
Sonic Drive-In,10764 Marbach Road ,San Antonio,TX, 78245,2019-02-21,19:33:48
Sonic Drive-In,10831 Potranco Road ,San Antonio,TX, 78251,2019-02-21,19:33:48
Sonic Drive-In,10885 Fm 471 West ,San Antonio,TX, 78253,2019-02-21,19:34:56
Sonic Drive-In,11725 O'conner Road ,San Antonio,TX, 78233,2019-02-21,19:34:56
Sonic Drive-In,13131 Nacogdoches ,San Antonio,TX, 78217,2019-02-21,19:34:56
Sonic Drive-In,1435 Austin Hwy ,San Antonio,TX, 78209,2019-02-21,19:34:56
Sonic Drive-In,14635 Huebner Road ,San Antonio,TX, 78230,2019-02-21,19:33:47
Sonic Drive-In,1611 South General Mcmullen ,San Antonio,TX, 78237,2019-02-21,19:34:56
Sonic Drive-In,16401 Nacogdoches Road ,San Antonio,TX, 78247,2019-02-21,19:34:56
Sonic Drive-In,1730 Horal Drive ,San Antonio,TX, 78227,2019-02-21,19:34:56
Sonic Drive-In,17750 Blanco Road ,San Antonio,TX, 78232,2019-02-21,19:34:56
Sonic Drive-In,18419 Rim Drive ,San Antonio,TX, 78257,2019-02-21,19:33:40
Sonic Drive-In,18535 Us Highway 281 N ,San Antonio,TX, 78258,2019-02-21,19:33:44
Sonic Drive-In,19133 Stone Oak Parkway ,San Antonio,TX, 78258,2019-02-21,19:33:44
Sonic Drive-In,2135 Ih35 North ,San Antonio,TX, 78208,2019-02-21,19:34:56
Sonic Drive-In,225 Talley Road ,San Antonio,TX, 78253,2019-02-21,19:33:48
Sonic Drive-In,2301 Blanco Rd ,San Antonio,TX, 78212,2019-02-21,19:34:56
Sonic Drive-In,2314 Thousand Oaks ,San Antonio,TX, 78232,2019-02-21,19:34:56
Sonic Drive-In,24039 I-10 West ,San Antonio,TX, 78257,2019-02-21,19:33:40
Sonic Drive-In,26116 Overlook Parkway Bldg #1 ,San Antonio,TX, 78260,2019-02-21,19:33:40
Sonic Drive-In,2629 Nacogdoches Road ,San Antonio,TX, 78266,2019-02-21,19:34:56
Sonic Drive-In,3035 Tpc Pkwy ,San Antonio,TX, 78259,2019-02-21,19:33:44
Sonic Drive-In,3222 Goliad Road ,San Antonio,TX, 78223,2019-02-21,19:34:05
Sonic Drive-In,351 Valley High Drive ,San Antonio,TX, 78227,2019-02-21,19:34:56
Sonic Drive-In,3510 Roosevelt Avenue ,San Antonio,TX, 78214,2019-02-21,19:34:56
Sonic Drive-In,3521 Broadway ,San Antonio,TX, 78209,2019-02-21,19:34:56
Sonic Drive-In,3824 Fredericksburg Road ,San Antonio,TX, 78201,2019-02-21,19:34:56
Sonic Drive-In,4039 S Loop 1604 E ,San Antonio,TX, 78264,2019-02-21,19:34:05
Sonic Drive-In,422 S Zorzamora ,San Antonio,TX, 78207,2019-02-21,19:34:56
Sonic Drive-In,4318 Vance Jackson Road ,San Antonio,TX, 78230,2019-02-21,19:33:47
Sonic Drive-In,4319 South New Braunfels ,San Antonio,TX, 78223,2019-02-21,19:34:56
Sonic Drive-In,4623 Ih 35 South ,San Antonio,TX, 78225,2019-02-21,19:34:56
Sonic Drive-In,4678 Walzem Road ,San Antonio,TX, 78218,2019-02-21,19:34:56
Sonic Drive-In,5031 Rigsby Avenue ,San Antonio,TX, 78222,2019-02-21,19:34:05
Sonic Drive-In,5221 Dezavala Road ,San Antonio,TX, 78249,2019-02-21,19:34:56
Sonic Drive-In,5510 Babcock Road ,San Antonio,TX, 78240,2019-02-21,19:34:56
Sonic Drive-In,6111 Ingram Road ,San Antonio,TX, 78238,2019-02-21,19:34:56
Sonic Drive-In,6341 Pearsall Road ,San Antonio,TX, 78242,2019-02-21,19:34:35
Sonic Drive-In,6523 San Pedro Ave ,San Antonio,TX, 78216,2019-02-21,19:33:47
Sonic Drive-In,6608 Fm 78 ,San Antonio,TX, 78244,2019-02-21,19:34:56
Sonic Drive-In,7902 Culebra ,San Antonio,TX, 78251,2019-02-21,19:34:56
Sonic Drive-In,7989 Bandera Road ,San Antonio,TX, 78250,2019-02-21,19:34:14
Sonic Drive-In,811 San Pedro ,San Antonio,TX, 78212,2019-02-21,19:34:56
Sonic Drive-In,8316 Hausman Rd ,San Antonio,TX, 78249,2019-02-21,19:33:40
Sonic Drive-In,8738 Potranco Road ,San Antonio,TX, 78251,2019-02-21,19:34:56
Sonic Drive-In,8915 Fm 1560 North ,San Antonio,TX, 78254,2019-02-21,19:33:38
Sonic Drive-In,9424 West Fm 471 ,San Antonio,TX, 78250,2019-02-21,19:34:56
Sonic Drive-In,9429 Fredericksburg Road ,San Antonio,TX, 78240,2019-02-21,19:33:47
Sonic Drive-In,955 East Bitters Road ,San Antonio,TX, 78216,2019-02-21,19:34:56
Sonic Drive-In,9684 West Loop 1604 North ,San Antonio,TX, 78254,2019-02-21,19:34:14
Sonic Drive-In,9703 Poteet-jourdanton Fwy ,San Antonio,TX, 78211,2019-02-21,19:34:49
Sonic Drive-In,973 Bandera Road ,San Antonio,TX, 78228,2019-02-21,19:34:56
Sonic Drive-In,1646 Aquarena Springs Drive ,San Marcos,TX, 78666,2019-02-21,19:34:33
Sonic Drive-In,2830 South 1-35 ,San Marcos,TX, 78666,2019-02-21,19:33:46
Sonic Drive-In,802 S. Guadalupe ,San Marcos,TX, 78666,2019-02-21,19:34:56
Sonic Drive-In,1006 West Wallace ,San Saba,TX, 76877,2019-02-21,19:33:41
Sonic Drive-In,900 Chapman ,Sanger,TX, 76266,2019-02-21,19:34:24
Sonic Drive-In,4202 Fm 1764 Road ,Santa Fe,TX, 77517,2019-02-21,19:33:31
Sonic Drive-In,320 Farm Market 78 ,Schertz,TX, 78154,2019-02-21,19:34:25
Sonic Drive-In,5001 Corridor Loop Road ,Schertz,TX, 78154,2019-02-21,19:34:57
Sonic Drive-In,2400 Bayport Blvd ,Seabrook,TX, 77586,2019-02-21,19:34:22
Sonic Drive-In,202 Hall Road ,Seagoville,TX, 75159,2019-02-21,19:33:54
Sonic Drive-In,1736 Meyer Street ,Sealy,TX, 77474,2019-02-21,19:33:39
Sonic Drive-In,921 E. Kingsbury ,Seguin,TX, 78155,2019-02-21,19:34:10
Sonic Drive-In,968 West Court Street ,Seguin,TX, 78155,2019-02-21,19:34:34
Sonic Drive-In,710 S. Main ,Seminole,TX, 79360,2019-02-21,19:33:31
Sonic Drive-In,351 E. Cedar Creek Parkway ,Seven Points,TX, 75143,2019-02-21,19:34:04
Sonic Drive-In,901 North Main Street ,Seymour,TX, 76380,2019-02-21,19:34:13
Sonic Drive-In,7459 Highway 84 ,Shallowater,TX, 79363,2019-02-21,19:34:31
Sonic Drive-In,6400 Highway 59 ,Shepherd,TX, 77371,2019-02-21,19:33:50
Sonic Drive-In,1820 Texoma Parkway ,Sherman,TX, 75090,2019-02-21,19:33:39
Sonic Drive-In,3400 Us Hwy 75 North ,Sherman,TX, 75090,2019-02-21,19:33:39
Sonic Drive-In,860 Highway 96 South ,Silsbee,TX, 77656,2019-02-21,19:33:44
Sonic Drive-In,1900 West Division Street ,Slaton,TX, 79364,2019-02-21,19:34:50
Sonic Drive-In,4100 College ,Snyder,TX, 79549,2019-02-21,19:33:52
Sonic Drive-In,131 Highway 277 N. ,Sonora,TX, 76950,2019-02-21,19:34:45
Sonic Drive-In,370 Highway 105 East ,Sour Lake,TX, 77659,2019-02-21,19:34:24
Sonic Drive-In,180 Davis Boulevard ,Southlake,TX, 76092,2019-02-21,19:34:52
Sonic Drive-In,14685 Old Us Hwy 59 ,Splendora,TX, 77372,2019-02-21,19:33:50
Sonic Drive-In,19764 Interstate 45 North ,Spring,TX, 77373,2019-02-21,19:35:00
Sonic Drive-In,25308 Interstate 45 ,Spring,TX, 77386,2019-02-21,19:35:00
Sonic Drive-In,25618 Aldine Westfield ,Spring,TX, 77373,2019-02-21,19:35:00
Sonic Drive-In,3531 Rayford Road ,Spring,TX, 77386,2019-02-21,19:35:00
Sonic Drive-In,3815 Louetta Blvd ,Spring,TX, 77388,2019-02-21,19:35:00
Sonic Drive-In,6020 Fm 2920 ,Spring,TX, 77379,2019-02-21,19:35:00
Sonic Drive-In,7011 Louetta Road ,Spring,TX, 77379,2019-02-21,19:35:00
Sonic Drive-In,425 Highway 199 East ,Springtown,TX, 76082,2019-02-21,19:33:34
Sonic Drive-In,3838 W. Parker Road ,St. Paul,TX, 75098,2019-02-21,19:34:05
Sonic Drive-In,12260 Southwest Freeway ,Stafford,TX, 77477,2019-02-21,19:35:01
Sonic Drive-In,123 Dulles Avenue ,Stafford,TX, 77477,2019-02-21,19:35:01
Sonic Drive-In,616 N. Swenson ,Stamford,TX, 79553,2019-02-21,19:33:32
Sonic Drive-In,1218 N. La Mesa Hwy ,Stanton,TX, 79782,2019-02-21,19:34:25
Sonic Drive-In,1086 W. Washington ,Stephenville,TX, 76401,2019-02-21,19:34:00
Sonic Drive-In,3010 West Washington ,Stephenville,TX, 76401,2019-02-21,19:34:00
Sonic Drive-In,1110 Eldridge ,Sugar Land,TX, 77478,2019-02-21,19:35:02
Sonic Drive-In,11511 S Highway 6 ,Sugar Land,TX, 77478,2019-02-21,19:35:02
Sonic Drive-In,16710 West Grand Parkway S. ,Sugar Land,TX, 77479,2019-02-21,19:35:02
Sonic Drive-In,1516 South Broadway ,Sulphur Springs,TX, 75482,2019-02-21,19:33:52
Sonic Drive-In,805 North Main Street ,Sweeny,TX, 77480,2019-02-21,19:33:38
Sonic Drive-In,706 East Broadway ,Sweetwater,TX, 79556,2019-02-21,19:33:52
Sonic Drive-In,9680 Fm 1641 ,Talty,TX, 75160,2019-02-21,19:33:54
Sonic Drive-In,820 North Hill Street ,Tatum,TX, 75691,2019-02-21,19:33:47
Sonic Drive-In,1700 N. Main ,Taylor,TX, 76574,2019-02-21,19:34:53
Sonic Drive-In,680 Interstate Highway 45 South ,Teague,TX, 75860,2019-02-21,19:33:44
Sonic Drive-In,804 West U S Highway 84 ,Teague,TX, 75860,2019-02-21,19:33:44
Sonic Drive-In,1401 Marlandwood Road ,Temple,TX, 76502,2019-02-21,19:33:45
Sonic Drive-In,2012 S. 57th ,Temple,TX, 76501,2019-02-21,19:35:03
Sonic Drive-In,5355 West Adams Avenue ,Temple,TX, 76502,2019-02-21,19:35:03
Sonic Drive-In,1608 State Highway 34 South ,Terrell,TX, 75160,2019-02-21,19:34:21
Sonic Drive-In,707 W. Moore Avenue ,Terrell,TX, 75160,2019-02-21,19:34:51
Sonic Drive-In,2723 N. State Line ,Texarkana,TX, 75503,2019-02-21,19:35:04
Sonic Drive-In,2901 New Boston Rd. ,Texarkana,TX, 75501,2019-02-21,19:34:43
Sonic Drive-In,3101 Richmond Road ,Texarkana,TX, 75503,2019-02-21,19:34:16
Sonic Drive-In,4619 S. Lake Drive ,Texarkana,TX, 75501,2019-02-21,19:33:33
Sonic Drive-In,4619 Summerhill Drive ,Texarkana,TX, 75503,2019-02-21,19:34:43
Sonic Drive-In,3221 Palmer Highway ,Texas City,TX, 77590,2019-02-21,19:35:04
Sonic Drive-In,3750 Main Street ,The Colony,TX, 75056,2019-02-21,19:35:04
Sonic Drive-In,"1201 Lake Woodlands Dr, #2164 ",The Woodlands,TX, 77380,2019-02-21,19:35:04
Sonic Drive-In,2550 Research Forest Drive ,The Woodlands,TX, 77381,2019-02-21,19:35:04
Sonic Drive-In,3081 College Park Drive ,The Woodlands,TX, 77384,2019-02-21,19:35:04
Sonic Drive-In,6280 Highway 281 ,Three Rivers,TX, 78071,2019-02-21,19:33:39
Sonic Drive-In,14018 Fm 2920 Rd ,Tomball,TX, 77377,2019-02-21,19:34:48
Sonic Drive-In,22601 Tomball Parkway ,Tomball,TX, 77375,2019-02-21,19:35:05
Sonic Drive-In,25411 Kuykendahl Road ,Tomball,TX, 77375,2019-02-21,19:34:48
Sonic Drive-In,505 S. Robb ,Trinity,TX, 75862,2019-02-21,19:33:55
Sonic Drive-In,1807 West Duval ,Troup,TX, 75789,2019-02-21,19:34:20
Sonic Drive-In,915 Sw 2nd Street ,Tulia,TX, 79088,2019-02-21,19:34:00
Sonic Drive-In,102 N. Northwest Loop 323 ,Tyler,TX, 75702,2019-02-21,19:33:49
Sonic Drive-In,16243 Highway 271 ,Tyler,TX, 75708,2019-02-21,19:34:13
Sonic Drive-In,2501 Gentry Park ,Tyler,TX, 75702,2019-02-21,19:35:05
Sonic Drive-In,3710 Troup Hwy. ,Tyler,TX, 75703,2019-02-21,19:35:05
Sonic Drive-In,5611 S. Broadway ,Tyler,TX, 75703,2019-02-21,19:33:44
Sonic Drive-In,5980 Old Jacksonville Highway ,Tyler,TX, 75703,2019-02-21,19:33:44
Sonic Drive-In,2325 Pat Booker Road ,Universal City,TX, 78148,2019-02-21,19:35:06
Sonic Drive-In,623 E. Main ,Uvalde,TX, 78801,2019-02-21,19:33:47
Sonic Drive-In,1130 W. Van Alstyne Parkway ,Van Alstyne,TX, 75495,2019-02-21,19:33:32
Sonic Drive-In,989 South Oak Street ,Van,TX, 75790,2019-02-21,19:33:43
Sonic Drive-In,100 East Highway 67 ,Venus,TX, 76084,2019-02-21,19:33:30
Sonic Drive-In,4004 Wilbarger ,Vernon,TX, 76384,2019-02-21,19:34:51
Sonic Drive-In,3004 N. Navarro ,Victoria,TX, 77901,2019-02-21,19:33:55
Sonic Drive-In,3008 Houston Highway ,Victoria,TX, 77901,2019-02-21,19:34:02
Sonic Drive-In,3603 N. John Stockbauer Drive ,Victoria,TX, 77904,2019-02-21,19:33:55
Sonic Drive-In,8707 N. Navarro ,Victoria,TX, 77904,2019-02-21,19:33:55
Sonic Drive-In,340 N. Main ,Vidor,TX, 77662,2019-02-21,19:34:38
Sonic Drive-In,1400 N. Valley Mills Drive ,Waco,TX, 76710,2019-02-21,19:33:49
Sonic Drive-In,1512 Hewitt Drive ,Waco,TX, 76712,2019-02-21,19:34:34
Sonic Drive-In,3923 N. 19th Street ,Waco,TX, 76708,2019-02-21,19:33:49
Sonic Drive-In,5517 Bagby Avenue ,Waco,TX, 76711,2019-02-21,19:34:34
Sonic Drive-In,801 S. Sixth ,Waco,TX, 76706,2019-02-21,19:33:49
Sonic Drive-In,4706 W Seventh ,Wake Village,TX, 75501,2019-02-21,19:33:33
Sonic Drive-In,31122 Fm 2920 ,Waller,TX, 77484,2019-02-21,19:33:39
Sonic Drive-In,1104 Ferris Avenue ,Waxahachie,TX, 75165,2019-02-21,19:34:04
Sonic Drive-In,2971 Us Highway 77 North ,Waxahachie,TX, 75165,2019-02-21,19:34:46
Sonic Drive-In,3298 South I-35 East ,Waxahachie,TX, 75165,2019-02-21,19:34:04
Sonic Drive-In,1002 S. Main Street ,Weatherford,TX, 76086,2019-02-21,19:34:40
Sonic Drive-In,1201 N. Main Street ,Weatherford,TX, 76086,2019-02-21,19:34:40
Sonic Drive-In,3051 Fort Worth Highway ,Weatherford,TX, 76087,2019-02-21,19:33:30
Sonic Drive-In,13908 Galveston Road ,Webster,TX, 77598,2019-02-21,19:33:50
Sonic Drive-In,310 W. Bay Area Blvd ,Webster,TX, 77598,2019-02-21,19:33:50
Sonic Drive-In,303 N Westgate ,Weslaco,TX, 78596,2019-02-21,19:33:43
Sonic Drive-In,730 South Columbia Drive ,West Columbia,TX, 77486,2019-02-21,19:33:38
Sonic Drive-In,701 West Oak Street ,West,TX, 76691,2019-02-21,19:34:15
Sonic Drive-In,6640 Westworth Blvd ,Westworth Village,TX, 76114,2019-02-21,19:34:26
Sonic Drive-In,120 W. Boling Highway ,Wharton,TX, 77488,2019-02-21,19:34:02
Sonic Drive-In,100 W. Highway 80 ,White Oak,TX, 75693,2019-02-21,19:34:09
Sonic Drive-In,433 State Highway 110 N. ,Whitehouse,TX, 75791,2019-02-21,19:33:44
Sonic Drive-In,1003 N Highway 377 ,Whitesboro,TX, 76273,2019-02-21,19:35:10
Sonic Drive-In,2241 Pettit Parkway ,Whitewright,TX, 75491,2019-02-21,19:33:39
Sonic Drive-In,1312 N Brazos Street ,Whitney,TX, 76692,2019-02-21,19:33:51
Sonic Drive-In,1409 Loop 11 ,Wichita Falls,TX, 76306,2019-02-21,19:33:44
Sonic Drive-In,2112 W. Ninth ,Wichita Falls,TX, 76301,2019-02-21,19:34:14
Sonic Drive-In,2407 Old Windthorst Road ,Wichita Falls,TX, 76301,2019-02-21,19:34:14
Sonic Drive-In,3200 Kemp Blvd. ,Wichita Falls,TX, 76308,2019-02-21,19:35:11
Sonic Drive-In,3208 Seymour Highway ,Wichita Falls,TX, 76309,2019-02-21,19:33:44
Sonic Drive-In,3911 Sheppard Access Rd ,Wichita Falls,TX, 76306,2019-02-21,19:33:44
Sonic Drive-In,4115 Jacksboro Highway ,Wichita Falls,TX, 76302,2019-02-21,19:34:14
Sonic Drive-In,4729 Taft Blvd ,Wichita Falls,TX, 76308,2019-02-21,19:33:32
Sonic Drive-In,4801 S.w. Parkway ,Wichita Falls,TX, 76310,2019-02-21,19:33:32
Sonic Drive-In,5360 Kell Boulevard ,Wichita Falls,TX, 76310,2019-02-21,19:33:32
Sonic Drive-In,815 W Montgomery Road ,Willis,TX, 77378,2019-02-21,19:34:41
Sonic Drive-In,102 Ranch House Road ,Willow Park,TX, 76087,2019-02-21,19:33:30
Sonic Drive-In,907 West South Commerce ,Wills Point,TX, 75169,2019-02-21,19:33:45
Sonic Drive-In,105 South Interstate 45 ,Wilmer,TX, 75172,2019-02-21,19:34:46
Sonic Drive-In,1024 Highway 124 ,Winnie,TX, 77665,2019-02-21,19:35:12
Sonic Drive-In,815 S. Main ,Winnsboro,TX, 75494,2019-02-21,19:34:42
Sonic Drive-In,7901 82nd Street ,Wolfforth,TX, 79382,2019-02-21,19:33:43
Sonic Drive-In,708 South Magnolia ,Woodville,TX, 75979,2019-02-21,19:34:20
Sonic Drive-In,1481 Highway 71 West ,Wyldwood,TX, 78602,2019-02-21,19:33:38
Sonic Drive-In,501 N. Williams ,Wylie,TX, 75098,2019-02-21,19:34:27
Sonic Drive-In,706 S. Us Hwy 77 ,Yoakum,TX, 77995,2019-02-21,19:33:55
