Brand,Address,City,State,Postal Code,Date,Time
Wendy's,4374 Southwest Dr,Abilene,TX,79606,2019-02-20,11:17:23
Wendy's,3710 Beltline Road,Addison,TX,75001,2019-02-20,11:17:23
Wendy's,2025 W McDermott Drive,Allen,TX,75013,2019-02-20,11:17:24
Wendy's,601 W McDermott Drive,Allen,TX,75013,2019-02-20,11:17:24
Wendy's,2000 Ross-Osage St,Amarillo,TX,79103,2019-02-20,11:17:24
Wendy's,4206 I-40 West,Amarillo,TX,79106,2019-02-20,11:17:24
Wendy's,4613 S Western,Amarillo,TX,79109,2019-02-20,11:17:24
Wendy's,5638 Amarillo Boulevard,Amarillo,TX,79106,2019-02-20,11:17:24
Wendy's,7236 SW 34th Ave,Amarillo,TX,79109,2019-02-20,11:17:24
Wendy's,1401 N Velasco Road,Angleton,TX,77515,2019-02-20,11:17:24
Wendy's,2015 Antonio Street,Anthony,TX,79821,2019-02-20,11:17:24
Wendy's,1195 North Watson Road,Arlington,TX,76011,2019-02-20,11:17:24
Wendy's,1311 North Collins,Arlington,TX,76011,2019-02-20,11:17:24
Wendy's,2550 E Pioneer Pkwy,Arlington,TX,76010,2019-02-20,11:17:24
Wendy's,3400 S Cooper,Arlington,TX,76015,2019-02-20,11:17:24
Wendy's,3911 Matlock,Arlington,TX,76015,2019-02-20,11:17:24
Wendy's,409 West Abram,Arlington,TX,76010,2019-02-20,11:17:24
Wendy's,4410 W Green Oaks Blvd,Arlington,TX,76016,2019-02-20,11:17:24
Wendy's,1000 East 41st Street,Austin,TX,78751,2019-02-20,11:17:25
Wendy's,10203 Lake Creek Pkwy,Austin,TX,78729,2019-02-20,11:17:25
Wendy's,10701 Research Blvd,Austin,TX,78759,2019-02-20,11:17:25
Wendy's,11606 Ranch Road 620 N,Austin,TX,78750,2019-02-20,11:17:25
Wendy's,12421 Mopac Expressway,Austin,TX,78758,2019-02-20,11:17:25
Wendy's,1418 E Anderson Lane,Austin,TX,78752,2019-02-20,11:17:25
Wendy's,1910 West Braker Lane,Austin,TX,78758,2019-02-20,11:17:25
Wendy's,201 E 21st St,Austin,TX,78705,2019-02-20,11:17:25
Wendy's,2224 East Riverside,Austin,TX,78741,2019-02-20,11:17:25
Wendy's,305 Slaughter Ln,Austin,TX,78748,2019-02-20,11:17:25
Wendy's,3596 Far West Blvd,Austin,TX,78731,2019-02-20,11:17:25
Wendy's,4115 S Congress,Austin,TX,78745,2019-02-20,11:17:25
Wendy's,4961 US Hwy 290 West,Austin,TX,78735,2019-02-20,11:17:25
Wendy's,5000 W Slaughter Ln,Austin,TX,78749,2019-02-20,11:17:25
Wendy's,5752 Airport Blvd,Austin,TX,78752,2019-02-20,11:17:25
Wendy's,619 N IH 35,Austin,TX,78702,2019-02-20,11:17:25
Wendy's,6210 East Ben White,Austin,TX,78741,2019-02-20,11:17:25
Wendy's,6247 McNeil Drive,Austin,TX,78729,2019-02-20,11:17:25
Wendy's,6428 South I-35,Austin,TX,78745,2019-02-20,11:17:25
Wendy's,12415 Lake June Road,Balch Springs,TX,75180,2019-02-20,11:17:25
Wendy's,514 Hwy 71 West,Bastrop,TX,78602,2019-02-20,11:17:25
Wendy's,6806 Garth Rd,Baytown,TX,77521,2019-02-20,11:17:25
Wendy's,8823 North Highway 146,Baytown,TX,77523,2019-02-20,11:17:25
Wendy's,4590 Dowlen Road,Beaumont,TX,77706,2019-02-20,11:17:26
Wendy's,735 S 11th Street,Beaumont,TX,77701,2019-02-20,11:17:26
Wendy's,1509 Brown Trail,Bedford,TX,76022,2019-02-20,11:17:26
Wendy's,3924 Highway 121,Bedford,TX,76021,2019-02-20,11:17:26
Wendy's,4544 Bissonnet,Bellaire,TX,77401,2019-02-20,11:17:26
Wendy's,1004 North Loop 340,Bellmead,TX,76705,2019-02-20,11:17:26
Wendy's,9221 Benbrook Blvd,Benbrook,TX,76126,2019-02-20,11:17:26
Wendy's,2311 S Gregg St,Big Spring,TX,79720,2019-02-20,11:17:27
Wendy's,1242 S Main Street,Boerne,TX,78006,2019-02-20,11:17:27
Wendy's,1001 Main Street,Brownsville,TX,78526,2019-02-20,11:17:27
Wendy's,891 Earl Rudder Freeway,Bryan,TX,77802,2019-02-20,11:17:27
Wendy's,33889 US Hwy 281 N,Bulverde,TX,78163,2019-02-20,11:17:28
Wendy's,270 NW John Jones Dr,Burleson,TX,76028,2019-02-20,11:17:28
Wendy's,881 NE Alsbury Blvd,Burleson,TX,76028,2019-02-20,11:17:28
Wendy's,407 23rd St,Canyon,TX,79015,2019-02-20,11:17:28
Wendy's,1005 W Trinity Mills,Carrollton,TX,75006,2019-02-20,11:17:28
Wendy's,1908 E Hebron Pkwy,Carrollton,TX,75007,2019-02-20,11:17:28
Wendy's,2003 Beltline Road,Carrollton,TX,75006,2019-02-20,11:17:23
Wendy's,2655 Midway Road,Carrollton,TX,75006,2019-02-20,11:17:23
Wendy's,404 East FM 1382,Cedar Hill,TX,75104,2019-02-20,11:17:28
Wendy's,2901 E Whitestone Blvd,Cedar Park,TX,78613,2019-02-20,11:17:29
Wendy's,810 N Bell Blvd,Cedar Park,TX,78613,2019-02-20,11:17:29
Wendy's,15770 I-10 East,Channelview,TX,77530,2019-02-20,11:17:29
Wendy's,325 FM 2094,Clear Lake Shores,TX,77565,2019-02-20,11:17:29
Wendy's,1604 W Henderson,Cleburne,TX,76033,2019-02-20,11:17:29
Wendy's,202 Southwest Pkwy E,College Station,TX,77840,2019-02-20,11:17:27
Wendy's,2050 Holleman Dr W,College Station,TX,77840,2019-02-20,11:17:27
Wendy's,1109 League Line Road,Conroe,TX,77303,2019-02-20,11:17:30
Wendy's,3032 College Park,Conroe,TX,77384,2019-02-20,11:17:30
Wendy's,8646 FM 78,Converse,TX,78109,2019-02-20,11:17:30
Wendy's,112 N Denton Tap Rd,Coppell,TX,75019,2019-02-20,11:17:30
Wendy's,821 S Macarthur,Coppell,TX,75019,2019-02-20,11:17:30
Wendy's,2740 E Highway 190,Copperas Cove,TX,76522,2019-02-20,11:17:30
Wendy's,4105 Ayers,Corpus Christi,TX,78415,2019-02-20,11:17:30
Wendy's,4123 South Staples,Corpus Christi,TX,78411,2019-02-20,11:17:30
Wendy's,5934 S Spid Dr,Corpus Christi,TX,78412,2019-02-20,11:17:30
Wendy's,6438 S Staples,Corpus Christi,TX,78413,2019-02-20,11:17:30
Wendy's,2900 S US Highway 287,Corsicana,TX,75109,2019-02-20,11:17:31
Wendy's,35 W FM 468,Cotulla,TX,78014,2019-02-20,11:17:31
Wendy's,14425 FM 2100,Crosby,TX,77532,2019-02-20,11:17:31
Wendy's,12611 Louetta Street,Cypress,TX,77429,2019-02-20,11:17:31
Wendy's,17545 Spring Cypress Road,Cypress,TX,77429,2019-02-20,11:17:31
Wendy's,18025 FM 529,Cypress,TX,77433,2019-02-20,11:17:31
Wendy's,28060 Hwy 290,Cypress,TX,77433,2019-02-20,11:17:31
Wendy's,9806 Fry Road,Cypress,TX,77433,2019-02-20,11:17:31
Wendy's,10046 Marsh Lane,Dallas,TX,75229,2019-02-20,11:17:32
Wendy's,11711 E NW Highway,Dallas,TX,75218,2019-02-20,11:17:32
Wendy's,11722 N Central Expy,Dallas,TX,75243,2019-02-20,11:17:32
Wendy's,135 Short Blvd,Dallas,TX,75232,2019-02-20,11:17:32
Wendy's,1507 E Kiest Blvd,Dallas,TX,75216,2019-02-20,11:17:32
Wendy's,17981 Preston Road,Dallas,TX,75252,2019-02-20,11:17:32
Wendy's,17989 Marsh Lane,Dallas,TX,75287,2019-02-20,11:17:32
Wendy's,1910 S Buckner Ave,Dallas,TX,75217,2019-02-20,11:17:25
Wendy's,1981 Fort Worth Ave,Dallas,TX,75208,2019-02-20,11:17:32
Wendy's,2241 W Northwest Hwy,Dallas,TX,75220,2019-02-20,11:17:32
Wendy's,2328 W Illinois Ave,Dallas,TX,75224,2019-02-20,11:17:32
Wendy's,2507 Royal Lane,Dallas,TX,75229,2019-02-20,11:17:32
Wendy's,2625 N International Parkway,Dallas,TX,75261,2019-02-20,11:17:32
Wendy's,2828 W Wheatland,Dallas,TX,75237,2019-02-20,11:17:28
Wendy's,3790 Forest Lane,Dallas,TX,75244,2019-02-20,11:17:32
Wendy's,4018 Lemmon Ave,Dallas,TX,75219,2019-02-20,11:17:32
Wendy's,4380 Dallas Ft Worth Tpke,Dallas,TX,75211,2019-02-20,11:17:32
Wendy's,510 South Beckley,Dallas,TX,75203,2019-02-20,11:17:32
Wendy's,5215 Spring Valley Rd,Dallas,TX,75254,2019-02-20,11:17:23
Wendy's,5502 Harry Hines Blvd,Dallas,TX,75235,2019-02-20,11:17:32
Wendy's,5555 N Jim Miller,Dallas,TX,75228,2019-02-20,11:17:32
Wendy's,6011 Greenville Ave,Dallas,TX,75206,2019-02-20,11:17:32
Wendy's,8787 S Lancaster Road,Dallas,TX,75241,2019-02-20,11:17:32
Wendy's,9680 Audelia,Dallas,TX,75238,2019-02-20,11:17:32
Wendy's,1180 FM 51 South,Decatur,TX,76234,2019-02-20,11:17:32
Wendy's,2213 Avenue F,Del Rio,TX,78840,2019-02-20,11:17:32
Wendy's,1576 W University Dr,Denton,TX,76201,2019-02-20,11:17:32
Wendy's,2213 S Interstate 35 E,Denton,TX,76205,2019-02-20,11:17:32
Wendy's,4900 Teasley Ln,Denton,TX,76210,2019-02-20,11:17:32
Wendy's,6421 N Interstate 35,Denton,TX,76207,2019-02-20,11:17:32
Wendy's,8100 I-35 East,Denton,TX,76210,2019-02-20,11:17:32
Wendy's,1304 E Pleasant Run,Desoto,TX,75115,2019-02-20,11:17:28
Wendy's,124 FM 517 West,Dickinson,TX,77539,2019-02-20,11:17:33
Wendy's,622 E Camp Wisdom Road,Duncanville,TX,75116,2019-02-20,11:17:28
Wendy's,2419 E Main Street,Eagle Pass,TX,78852,2019-02-20,11:17:33
Wendy's,4011 S McColl Road,Edinburg,TX,78539,2019-02-20,11:17:33
Wendy's,10771 Gateway Plaza Blvd,El Paso,TX,79924,2019-02-20,11:17:24
Wendy's,1176 Yarbrough Dr,El Paso,TX,79925,2019-02-20,11:17:34
Wendy's,13020 Eastlake Blvd,El Paso,TX,79928,2019-02-20,11:17:34
Wendy's,1501 George Dieter Drive,El Paso,TX,79936,2019-02-20,11:17:34
Wendy's,1890 Zaragosa Rd,El Paso,TX,79936,2019-02-20,11:17:34
Wendy's,3501 North Mesa,El Paso,TX,79902,2019-02-20,11:17:24
Wendy's,6201 Montana Ave,El Paso,TX,79925,2019-02-20,11:17:34
Wendy's,7453 North Mesa,El Paso,TX,79912,2019-02-20,11:17:24
Wendy's,825 N Zaragoza Rd,El Paso,TX,79907,2019-02-20,11:17:34
Wendy's,9150 Viscount,El Paso,TX,79925,2019-02-20,11:17:34
Wendy's,9516 Dyer St,El Paso,TX,79924,2019-02-20,11:17:24
Wendy's,1002 E Ennis Ave,Ennis,TX,75119,2019-02-20,11:17:31
Wendy's,4169 LBJ Freeway,Farmers Branch,TX,75244,2019-02-20,11:17:23
Wendy's,2041 Justin Road,Flower Mound,TX,75028,2019-02-20,11:17:34
Wendy's,2120 Long Prarie Road,Flower Mound,TX,75022,2019-02-20,11:17:34
Wendy's,850 E Hwy 80,Forney,TX,75126,2019-02-20,11:17:34
Wendy's,14160 Trinity Blvd,Fort Worth,TX,76155,2019-02-20,11:17:35
Wendy's,1500 East Chase Parkway,Fort Worth,TX,76120,2019-02-20,11:17:35
Wendy's,1751 S Cherry Lane,Fort Worth,TX,76108,2019-02-20,11:17:26
Wendy's,221 W Seminary Drive,Fort Worth,TX,76115,2019-02-20,11:17:35
Wendy's,2317 W Berry St,Fort Worth,TX,76110,2019-02-20,11:17:35
Wendy's,2420 Westport Pkwy,Fort Worth,TX,76177,2019-02-20,11:17:32
Wendy's,2800 E Berry St,Fort Worth,TX,76105,2019-02-20,11:17:35
Wendy's,2801 N Tarrant Pkwy,Fort Worth,TX,76177,2019-02-20,11:17:35
Wendy's,2926 W 7th Ave,Fort Worth,TX,76107,2019-02-20,11:17:35
Wendy's,3815 Southwest Loop 820,Fort Worth,TX,76133,2019-02-20,11:17:26
Wendy's,5900 Camp Bowie Blvd,Fort Worth,TX,76107,2019-02-20,11:17:26
Wendy's,6250 Oakmont Blvd,Fort Worth,TX,76132,2019-02-20,11:17:26
Wendy's,6321 Wichita St,Fort Worth,TX,76119,2019-02-20,11:17:35
Wendy's,6716 Bridge Street,Fort Worth,TX,76112,2019-02-20,11:17:35
Wendy's,963 N Beach St,Fort Worth,TX,76111,2019-02-20,11:17:35
Wendy's,104 E Edgewood Avenue,Friendswood,TX,77546,2019-02-20,11:17:35
Wendy's,3101 FM 528,Friendswood,TX,77546,2019-02-20,11:17:33
Wendy's,500 Baybrook Mall,Friendswood,TX,77546,2019-02-20,11:17:35
Wendy's,12150 FM 423,Frisco,TX,75034,2019-02-20,11:17:35
Wendy's,3208 Preston Rd,Frisco,TX,75034,2019-02-20,11:17:35
Wendy's,5555 El Dorado Parkway,Frisco,TX,75033,2019-02-20,11:17:35
Wendy's,5622 FM 423,Frisco,TX,75034,2019-02-20,11:17:35
Wendy's,7201 Preston Road,Frisco,TX,75034,2019-02-20,11:17:35
Wendy's,600 W California,Gainesville,TX,76240,2019-02-20,11:17:35
Wendy's,2328 Seawall Blvd,Galveston,TX,77550,2019-02-20,11:17:35
Wendy's,1310 W Centerville Road,Garland,TX,75041,2019-02-20,11:17:36
Wendy's,1905 Garland Ave,Garland,TX,75040,2019-02-20,11:17:36
Wendy's,3232 Lavon Drive,Garland,TX,75040,2019-02-20,11:17:36
Wendy's,501 West I-30,Garland,TX,75043,2019-02-20,11:17:36
Wendy's,5235 N Garland Rd,Garland,TX,75040,2019-02-20,11:17:36
Wendy's,1102 Rivery Blvd,Georgetown,TX,78628,2019-02-20,11:17:36
Wendy's,425 E Highway 377,Granbury,TX,76048,2019-02-20,11:17:29
Wendy's,2554 W Interstate 20,Grand Prairie,TX,75052,2019-02-20,11:17:36
Wendy's,2964 W Camp Wisdom Road,Grand Prairie,TX,75052,2019-02-20,11:17:28
Wendy's,925 E Main St,Grand Prairie,TX,75050,2019-02-20,11:17:36
Wendy's,2111 Hall-Johnson Road,Grapevine,TX,76051,2019-02-20,11:17:36
Wendy's,6834 Wesley Crossroads,Greenville,TX,75402,2019-02-20,11:17:37
Wendy's,4600 Twin City Highway,Groves,TX,77619,2019-02-20,11:17:37
Wendy's,1415 Ed Carey Drive,Harlingen,TX,78550,2019-02-20,11:17:27
Wendy's,401 Dixieland Road,Harlingen,TX,78552,2019-02-20,11:17:27
Wendy's,302 I-35 NE,Hillsboro,TX,76645,2019-02-20,11:17:31
Wendy's,10235 Almeda Genoa Road,Houston,TX,77075,2019-02-20,11:17:38
Wendy's,10715 North Freeway,Houston,TX,77037,2019-02-20,11:17:38
Wendy's,10731 W Bellfort Street,Houston,TX,77099,2019-02-20,11:17:38
Wendy's,10780 Westheimer Road,Houston,TX,77042,2019-02-20,11:17:38
Wendy's,1111 Louisana,Houston,TX,77002,2019-02-20,11:17:38
Wendy's,1127 West Rankin Road,Houston,TX,77067,2019-02-20,11:17:38
Wendy's,1225 Gessner,Houston,TX,77055,2019-02-20,11:17:38
Wendy's,12486 Northwest Freeway,Houston,TX,77092,2019-02-20,11:17:38
Wendy's,12707 Gessner Road,Houston,TX,77064,2019-02-20,11:17:38
Wendy's,13334 Tomball Parkway,Houston,TX,77086,2019-02-20,11:17:38
Wendy's,14027 Westheimer,Houston,TX,77077,2019-02-20,11:17:38
Wendy's,14115 E Sam Houston Pkwy N,Houston,TX,77044,2019-02-20,11:17:31
Wendy's,14602 Perthshire,Houston,TX,77079,2019-02-20,11:17:38
Wendy's,15130 Aldine Westfield Road,Houston,TX,77032,2019-02-20,11:17:38
Wendy's,15355 Wallisville Road,Houston,TX,77049,2019-02-20,11:17:29
Wendy's,16500 El Camino Real,Houston,TX,77062,2019-02-20,11:17:29
Wendy's,1702 Nasa Rd,Houston,TX,77058,2019-02-20,11:17:29
Wendy's,1829 Mangum Road,Houston,TX,77092,2019-02-20,11:17:38
Wendy's,2007 Durham,Houston,TX,77007,2019-02-20,11:17:38
Wendy's,210 Patton Street,Houston,TX,77009,2019-02-20,11:17:38
Wendy's,243 Greens Road,Houston,TX,77060,2019-02-20,11:17:38
Wendy's,2800 Terminal Rd N,Houston,TX,77032,2019-02-20,11:17:38
Wendy's,2928 Woodridge Dr,Houston,TX,77087,2019-02-20,11:17:38
Wendy's,3121 North Terminal Rd,Houston,TX,77032,2019-02-20,11:17:38
Wendy's,3500 Terminal Rd S,Houston,TX,77032,2019-02-20,11:17:38
Wendy's,3504 S. Dairy Ashford Suite B,Houston,TX,77082,2019-02-20,11:17:38
Wendy's,3710 Scott Street,Houston,TX,77004,2019-02-20,11:17:38
Wendy's,3910 Old Spanish Trl,Houston,TX,77021,2019-02-20,11:17:38
Wendy's,3950 S Terminal Rd,Houston,TX,77032,2019-02-20,11:17:38
Wendy's,5000 FM 1960 W,Houston,TX,77069,2019-02-20,11:17:38
Wendy's,5003 Kirby,Houston,TX,77098,2019-02-20,11:17:26
Wendy's,5916 Richmond Avenue,Houston,TX,77057,2019-02-20,11:17:26
Wendy's,6101 Hillcroft,Houston,TX,77081,2019-02-20,11:17:26
Wendy's,7090A W Orem Drive,Houston,TX,77085,2019-02-20,11:17:38
Wendy's,715 W 28th St,Houston,TX,77008,2019-02-20,11:17:38
Wendy's,7215 Fondren,Houston,TX,77036,2019-02-20,11:17:38
Wendy's,7760 West Bellfort,Houston,TX,77071,2019-02-20,11:17:38
Wendy's,7800 Airport Blvd,Houston,TX,77061,2019-02-20,11:17:38
Wendy's,7920 Howard Drive,Houston,TX,77017,2019-02-20,11:17:38
Wendy's,8436 Highway 6 North,Houston,TX,77095,2019-02-20,11:17:38
Wendy's,9035 West Rd,Houston,TX,77064,2019-02-20,11:17:38
Wendy's,9145 Highway 6,Houston,TX,77083,2019-02-20,11:17:38
Wendy's,9409 Fuqua Street,Houston,TX,77075,2019-02-20,11:17:38
Wendy's,9500 South Main Street,Houston,TX,77025,2019-02-20,11:17:26
Wendy's,10015 FM 1960 Bypass,Humble,TX,77338,2019-02-20,11:17:38
Wendy's,7206 FM 1960 E,Humble,TX,77346,2019-02-20,11:17:38
Wendy's,639 Hwy 75 N,Huntsville,TX,77320,2019-02-20,11:17:27
Wendy's,1000 W Walnut Hill Lane,Irving,TX,75038,2019-02-20,11:17:38
Wendy's,1725 N Beltline Road,Irving,TX,75061,2019-02-20,11:17:38
Wendy's,3990 N Beltline Rd,Irving,TX,75038,2019-02-20,11:17:38
Wendy's,7700 N Macarthur,Irving,TX,75063,2019-02-20,11:17:38
Wendy's,1484 Katy Fort Bend Rd,Katy,TX,77493,2019-02-20,11:17:38
Wendy's,1717 Spring Green Boulevard,Katy,TX,77494,2019-02-20,11:17:38
Wendy's,2201 S Mason Rd,Katy,TX,77450,2019-02-20,11:17:38
Wendy's,2930 N Mason Road,Katy,TX,77449,2019-02-20,11:17:38
Wendy's,307 S Fry Rd,Katy,TX,77450,2019-02-20,11:17:38
Wendy's,5929 FM 1463,Katy,TX,77494,2019-02-20,11:17:38
Wendy's,1220 Junction Highway,Kerrville,TX,78028,2019-02-20,11:17:39
Wendy's,4401 N State Hwy 42,Kilgore,TX,75662,2019-02-20,11:17:39
Wendy's,1201 S Fort Hood St,Killeen,TX,76542,2019-02-20,11:17:30
Wendy's,2008 E Central Texas Expy,Killeen,TX,76541,2019-02-20,11:17:30
Wendy's,3816 S Clear Creek Road,Killeen,TX,76549,2019-02-20,11:17:30
Wendy's,1404 General Cavazos Blvd,Kingsville,TX,78363,2019-02-20,11:17:39
Wendy's,3303 West Lake Houston Parkway,Kingwood,TX,77339,2019-02-20,11:17:39
Wendy's,590 Kingwood Dr,Kingwood,TX,77339,2019-02-20,11:17:39
Wendy's,20584 IH 35,Kyle,TX,78640,2019-02-20,11:17:40
Wendy's,2800 FM 1764,La Marque,TX,77568,2019-02-20,11:17:33
Wendy's,95 Oyster Creek Dr,Lake Jackson,TX,77566,2019-02-20,11:17:24
Wendy's,6348 Lake Worth Blvd,Lake Worth,TX,76135,2019-02-20,11:17:40
Wendy's,2404 Ranch Road 620,Lakeway,TX,78738,2019-02-20,11:17:41
Wendy's,10219 Mcpherson,Laredo,TX,78045,2019-02-20,11:17:41
Wendy's,1212 Del Mar Blvd,Laredo,TX,78041,2019-02-20,11:17:41
Wendy's,1319 San Bernardo,Laredo,TX,78040,2019-02-20,11:17:41
Wendy's,1520 E Sauders St,Laredo,TX,78041,2019-02-20,11:17:41
Wendy's,2330 Bob Bullock Loop 1A,Laredo,TX,78043,2019-02-20,11:17:41
Wendy's,4719 San Bernardo,Laredo,TX,78041,2019-02-20,11:17:41
Wendy's,611 Rancho Viejo Dr,Laredo,TX,78045,2019-02-20,11:17:41
Wendy's,1750 West Main,League City,TX,77573,2019-02-20,11:17:29
Wendy's,2535 E League City Parkway,League City,TX,77573,2019-02-20,11:17:29
Wendy's,2146 S State Highway 121,Lewisville,TX,75067,2019-02-20,11:17:41
Wendy's,517 E FM 3040,Lewisville,TX,75067,2019-02-20,11:17:41
Wendy's,2417 Gilmer Road,Longview,TX,75604,2019-02-20,11:17:39
Wendy's,3302 North 4th Street,Longview,TX,75605,2019-02-20,11:17:39
Wendy's,2401 19th St,Lubbock,TX,79401,2019-02-20,11:17:41
Wendy's,5212 Slide Rd,Lubbock,TX,79414,2019-02-20,11:17:41
Wendy's,5721 4th St,Lubbock,TX,79416,2019-02-20,11:17:41
Wendy's,6815 Milwaukee Avenue,Lubbock,TX,79424,2019-02-20,11:17:41
Wendy's,2670 West Lucas Rd,Lucas,TX,75002,2019-02-20,11:17:42
Wendy's,2212 S First St,Lufkin,TX,75901,2019-02-20,11:17:42
Wendy's,11923 US 290,Manor,TX,78653,2019-02-20,11:17:25
Wendy's,1771 US Hwy 287,Mansfield,TX,76063,2019-02-20,11:17:42
Wendy's,3750 E. Broad St.,Mansfield,TX,76063,2019-02-20,11:17:42
Wendy's,1511 E End Blvd North,Marshall,TX,75670,2019-02-20,11:17:42
Wendy's,1108 East Jackson Avenue,McAllen,TX,78503,2019-02-20,11:17:27
Wendy's,2716 Nolana Street,McAllen,TX,78504,2019-02-20,11:17:33
Wendy's,1714 W University Drive,McKinney,TX,75069,2019-02-20,11:17:43
Wendy's,1951 W Eldorado Pkwy,McKinney,TX,75069,2019-02-20,11:17:42
Wendy's,8904 State Highway 121,McKinney,TX,75070,2019-02-20,11:17:43
Wendy's,1325 Gross Road,Mesquite,TX,75149,2019-02-20,11:17:25
Wendy's,1800 N Beltline,Mesquite,TX,75149,2019-02-20,11:17:25
Wendy's,3540 Gus Thomasson Rd,Mesquite,TX,75150,2019-02-20,11:17:25
Wendy's,4412 W Loop 250 N,Midland,TX,79707,2019-02-20,11:17:27
Wendy's,902 Andrews Highway,Midland,TX,79701,2019-02-20,11:17:27
Wendy's,2507 E Expressway 83,Mission,TX,78572,2019-02-20,11:17:33
Wendy's,5515 Highway 6,Missouri City,TX,77459,2019-02-20,11:17:43
Wendy's,9819 Highway 6,Missouri City,TX,77459,2019-02-20,11:17:24
Wendy's,205 W FM 544,Murphy,TX,75094,2019-02-20,11:17:42
Wendy's,21548 FM 471 South,Natalia,TX,78059,2019-02-20,11:17:44
Wendy's,2912 Peek Rd,Nederland,TX,77627,2019-02-20,11:17:37
Wendy's,143 Hwy 46 S,New Braunfels,TX,78130,2019-02-20,11:17:44
Wendy's,1687 State Highway 46 S,New Braunfels,TX,78130,2019-02-20,11:17:44
Wendy's,5161 Rufe Snow Dr,North Richland Hills,TX,76180,2019-02-20,11:17:45
Wendy's,9140 N Tarrant Pkwy,North Richland Hills,TX,76182,2019-02-20,11:17:45
Wendy's,2646 John Ben Shepard Pkwy,Odessa,TX,79761,2019-02-20,11:17:45
Wendy's,3801 Andrews Hwy,Odessa,TX,79762,2019-02-20,11:17:45
Wendy's,2205 N Highway 62,Orange,TX,77630,2019-02-20,11:17:37
Wendy's,3113 Edgar Brown Drive,Orange,TX,77630,2019-02-20,11:17:37
Wendy's,2215 South Loop 256,Palestine,TX,75801,2019-02-20,11:17:45
Wendy's,301 W. Southmore Ave,Pasadena,TX,77502,2019-02-20,11:17:29
Wendy's,4014 Spencer Highway,Pasadena,TX,77504,2019-02-20,11:17:29
Wendy's,7444 Spencer Highway,Pasadena,TX,77505,2019-02-20,11:17:29
Wendy's,11011 Cr 59,Pearland,TX,77584,2019-02-20,11:17:24
Wendy's,11511 Shadow Creek Pkwy,Pearland,TX,77584,2019-02-20,11:17:45
Wendy's,11630 Broadway Street,Pearland,TX,77584,2019-02-20,11:17:24
Wendy's,1722 North Main,Pearland,TX,77581,2019-02-20,11:17:45
Wendy's,1810 Pearland Parkway,Pearland,TX,77581,2019-02-20,11:17:45
Wendy's,1425 Wells Branch Pkwy,Pflugerville,TX,78660,2019-02-20,11:17:42
Wendy's,1509 N I-27,Plainview,TX,79072,2019-02-20,11:17:46
Wendy's,3200 Custer Rd,Plano,TX,75075,2019-02-20,11:17:46
Wendy's,6108 West Park Blvd,Plano,TX,75093,2019-02-20,11:17:46
Wendy's,6912 Coit Rd,Plano,TX,75023,2019-02-20,11:17:46
Wendy's,709 W Spring Creek Pkwy,Plano,TX,75023,2019-02-20,11:17:42
Wendy's,1345 E Beltline Rd,Richardson,TX,75081,2019-02-20,11:17:46
Wendy's,200 W Spring Valley Road,Richardson,TX,75081,2019-02-20,11:17:46
Wendy's,3521 Custer Parkway,Richardson,TX,75080,2019-02-20,11:17:46
Wendy's,935 E Campbell,Richardson,TX,75081,2019-02-20,11:17:46
Wendy's,21950 Williams Way,Richmond,TX,77469,2019-02-20,11:17:46
Wendy's,7909 Grand Parkway,Richmond,TX,77407,2019-02-20,11:17:46
Wendy's,1204 N Highway 377,Roanoke,TX,76262,2019-02-20,11:17:32
Wendy's,8055 S IH 35,Robinson,TX,76706,2019-02-20,11:17:26
Wendy's,2545 Ridge Road,Rockwall,TX,75087,2019-02-20,11:17:37
Wendy's,27943 Southwest Freeway,Rosenberg,TX,77471,2019-02-20,11:17:47
Wendy's,4849 North IH-35,Round Rock,TX,78664,2019-02-20,11:17:36
Wendy's,607 Louis Henna Blvd,Round Rock,TX,78664,2019-02-20,11:17:36
Wendy's,2509 Lakeview Pkwy,Rowlett,TX,75088,2019-02-20,11:17:47
Wendy's,8901 Lakeview Parkway,Rowlett,TX,75088,2019-02-20,11:17:37
Wendy's,1317 N Saginaw Blvd,Saginaw,TX,76179,2019-02-20,11:17:40
Wendy's,5555 Sherwood Way,San Angelo,TX,76904,2019-02-20,11:17:48
Wendy's,10738 Potranco Road,San Antonio,TX,78251,2019-02-20,11:17:44
Wendy's,10926 Culebra Rd,San Antonio,TX,78253,2019-02-20,11:17:39
Wendy's,111 NW West White Rd,San Antonio,TX,78219,2019-02-20,11:17:30
Wendy's,11652 Bandera Rd,San Antonio,TX,78250,2019-02-20,11:17:27
Wendy's,11919 Perrin-Beitel,San Antonio,TX,78217,2019-02-20,11:17:30
Wendy's,1410 Austin Highway,San Antonio,TX,78209,2019-02-20,11:17:48
Wendy's,16611 Nacogdoches,San Antonio,TX,78247,2019-02-20,11:17:28
Wendy's,17702 Bulverde Rd,San Antonio,TX,78259,2019-02-20,11:17:28
Wendy's,18303 Blanco Rd,San Antonio,TX,78258,2019-02-20,11:17:27
Wendy's,19170 Stone Oak Pkwy,San Antonio,TX,78258,2019-02-20,11:17:27
Wendy's,2343 SW Military,San Antonio,TX,78224,2019-02-20,11:17:44
Wendy's,2422 East Southcross Blvd,San Antonio,TX,78223,2019-02-20,11:17:48
Wendy's,430 San Pedro,San Antonio,TX,78212,2019-02-20,11:17:48
Wendy's,4445 West Commerce Street,San Antonio,TX,78237,2019-02-20,11:17:48
Wendy's,4519 Fredericksburg Road,San Antonio,TX,78201,2019-02-20,11:17:48
Wendy's,5121 Northwest Loop 410,San Antonio,TX,78229,2019-02-20,11:17:48
Wendy's,514 W Cevallos,San Antonio,TX,78204,2019-02-20,11:17:48
Wendy's,5195 De Zavala,San Antonio,TX,78249,2019-02-20,11:17:27
Wendy's,607 SW Military Drive,San Antonio,TX,78221,2019-02-20,11:17:48
Wendy's,6827 Military Drive W,San Antonio,TX,78227,2019-02-20,11:17:44
Wendy's,7039 Culebra,San Antonio,TX,78238,2019-02-20,11:17:48
Wendy's,7400 San Pedro Ave.,San Antonio,TX,78216,2019-02-20,11:17:48
Wendy's,742 Sequin St,San Antonio,TX,78208,2019-02-20,11:17:48
Wendy's,7662 Guilbeau,San Antonio,TX,78250,2019-02-20,11:17:48
Wendy's,7727 Wurzbach Rd,San Antonio,TX,78229,2019-02-20,11:17:48
Wendy's,9307 Potranco Rd,San Antonio,TX,78251,2019-02-20,11:17:44
Wendy's,9340 Wurzbach,San Antonio,TX,78240,2019-02-20,11:17:48
Wendy's,9535 Culebra Road,San Antonio,TX,78251,2019-02-20,11:17:48
Wendy's,9700 San Pedro,San Antonio,TX,78216,2019-02-20,11:17:48
Wendy's,9800 Fredriksburg Rd,San Antonio,TX,78288,2019-02-20,11:17:48
Wendy's,4001 I-35 South,San Marcos,TX,78666,2019-02-20,11:17:49
Wendy's,701 East Hopkins Street,San Marcos,TX,78666,2019-02-20,11:17:40
Wendy's,5550 FM 3009,Schertz,TX,78154,2019-02-20,11:17:49
Wendy's,605 E Malloy Bridge Rd,Seagoville,TX,75159,2019-02-20,11:17:31
Wendy's,498 S Highway 123 Byp,Seguin,TX,78155,2019-02-20,11:17:49
Wendy's,8171 Agora Parkway,Selma,TX,78154,2019-02-20,11:17:30
Wendy's,4100 US Highway 75 North,Sherman,TX,75090,2019-02-20,11:17:35
Wendy's,2130 E Southlake Blvd,Southlake,TX,76092,2019-02-20,11:17:36
Wendy's,1481 Spring Cypress Rd,Spring,TX,77373,2019-02-20,11:17:50
Wendy's,21130 Kuykendahl Rd,Spring,TX,77379,2019-02-20,11:17:50
Wendy's,505 Sawdust Road,Spring,TX,77380,2019-02-20,11:17:50
Wendy's,8735 Spring Cypress,Spring,TX,77379,2019-02-20,11:17:50
Wendy's,13693 Murphy Road,Stafford,TX,77477,2019-02-20,11:17:50
Wendy's,16710 Southwest Freeway,Sugar Land,TX,77479,2019-02-20,11:17:47
Wendy's,131 E Industrial Drive,Sulphur Springs,TX,75482,2019-02-20,11:17:51
Wendy's,403 NE Georgia Ave,Sweetwater,TX,79556,2019-02-20,11:17:23
Wendy's,12310 NW H K Dodgen Loop,Temple,TX,76501,2019-02-20,11:17:51
Wendy's,2602 South 31st Street,Temple,TX,76504,2019-02-20,11:17:30
Wendy's,290 East I-20,Terrell,TX,75160,2019-02-20,11:17:34
Wendy's,3737 New Boston Road,Texarkana,TX,75501,2019-02-20,11:17:51
Wendy's,2805 Palmer Highway,Texas City,TX,77590,2019-02-20,11:17:35
Wendy's,5309 SH 121,The Colony,TX,75056,2019-02-20,11:17:52
Wendy's,1201 Lake Woodlands Drive,The Woodlands,TX,77380,2019-02-20,11:17:52
Wendy's,6670 Woodlands Pkwy,The Woodlands,TX,77382,2019-02-20,11:17:38
Wendy's,3920 SW Loop 323,Tyler,TX,75701,2019-02-20,11:17:39
Wendy's,427 W Front St,Tyler,TX,75702,2019-02-20,11:17:39
Wendy's,526 East Main Street,Uvalde,TX,78801,2019-02-20,11:17:52
Wendy's,501 Van Horn Drive,Van Horn,TX,79855,2019-02-20,11:17:52
Wendy's,2901 Houston Highway,Victoria,TX,77901,2019-02-20,11:17:53
Wendy's,3507 North Navarro,Victoria,TX,77901,2019-02-20,11:17:53
Wendy's,1015 N Valley Mills Dr,Waco,TX,76710,2019-02-20,11:17:26
Wendy's,1417 Hewitt Drive,Waco,TX,76712,2019-02-20,11:17:26
Wendy's,811 South 5th,Waco,TX,76706,2019-02-20,11:17:26
Wendy's,8424 Denton Hwy,Watauga,TX,76148,2019-02-20,11:17:47
Wendy's,1060 Highway 287 Bypass West,Waxahachie,TX,75165,2019-02-20,11:17:31
Wendy's,1201 West I-20,Weatherford,TX,76087,2019-02-20,11:17:36
Wendy's,900 South Eagle Street,Weimar,TX,78962,2019-02-20,11:17:54
Wendy's,925 N Texas Blvd,Weslaco,TX,78596,2019-02-20,11:17:27
Wendy's,2311 Old Jacksboro Hwy,Wichita Falls,TX,76302,2019-02-20,11:17:54
Wendy's,3601 Kemp Blvd,Wichita Falls,TX,76308,2019-02-20,11:17:54
Wendy's,9600 Longstreet Road,Willis,TX,77318,2019-02-20,11:17:38
Wendy's,1401 W Kirby St,Wylie,TX,75098,2019-02-20,11:17:37
